<?xml version="1.0" encoding="UTF-8"?>
<kml xmlns="http://www.opengis.net/kml/2.2">
  <Document>
    <name>Alban Rouzaud — L'Évasion (Cahier 3)</name>
    <description>Reconstitution du parcours d'Alban Rouzaud et André de Weiz (Styrie) à l'arrestation en Italie, sept.–oct. 1941.
Extrait de la carte interactive ALBAN ROUZAUD_3_CARTE_EVASION.html</description>
    <Style id="pin_p1">
      <IconStyle>
        <color>ff6045e9</color>
        <scale>1.0</scale>
        <Icon>
          <href>http://maps.google.com/mapfiles/kml/paddle/wht-blank.png</href>
        </Icon>
      </IconStyle>
      <LabelStyle>
        <scale>0.75</scale>
      </LabelStyle>
    </Style>
    <Style id="route_p1">
      <LineStyle>
        <color>ff6045e9</color>
        <width>4</width>
      </LineStyle>
    </Style>
    <Style id="routedash_p1">
      <LineStyle>
        <color>ff6045e9</color>
        <width>2</width>
      </LineStyle>
    </Style>
    <Style id="pin_p2">
      <IconStyle>
        <color>ff23a6f5</color>
        <scale>1.0</scale>
        <Icon>
          <href>http://maps.google.com/mapfiles/kml/paddle/wht-blank.png</href>
        </Icon>
      </IconStyle>
      <LabelStyle>
        <scale>0.75</scale>
      </LabelStyle>
    </Style>
    <Style id="route_p2">
      <LineStyle>
        <color>ff23a6f5</color>
        <width>4</width>
      </LineStyle>
    </Style>
    <Style id="routedash_p2">
      <LineStyle>
        <color>ff23a6f5</color>
        <width>2</width>
      </LineStyle>
    </Style>
    <Style id="pin_p3">
      <IconStyle>
        <color>ff71cc2e</color>
        <scale>1.0</scale>
        <Icon>
          <href>http://maps.google.com/mapfiles/kml/paddle/wht-blank.png</href>
        </Icon>
      </IconStyle>
      <LabelStyle>
        <scale>0.75</scale>
      </LabelStyle>
    </Style>
    <Style id="route_p3">
      <LineStyle>
        <color>ff71cc2e</color>
        <width>4</width>
      </LineStyle>
    </Style>
    <Style id="routedash_p3">
      <LineStyle>
        <color>ff71cc2e</color>
        <width>2</width>
      </LineStyle>
    </Style>
    <Style id="pin_p4">
      <IconStyle>
        <color>ffdb9834</color>
        <scale>1.0</scale>
        <Icon>
          <href>http://maps.google.com/mapfiles/kml/paddle/wht-blank.png</href>
        </Icon>
      </IconStyle>
      <LabelStyle>
        <scale>0.75</scale>
      </LabelStyle>
    </Style>
    <Style id="route_p4">
      <LineStyle>
        <color>ffdb9834</color>
        <width>4</width>
      </LineStyle>
    </Style>
    <Style id="routedash_p4">
      <LineStyle>
        <color>ffdb9834</color>
        <width>2</width>
      </LineStyle>
    </Style>
    <Style id="pin_p5">
      <IconStyle>
        <color>ffb659b9</color>
        <scale>1.0</scale>
        <Icon>
          <href>http://maps.google.com/mapfiles/kml/paddle/wht-blank.png</href>
        </Icon>
      </IconStyle>
      <LabelStyle>
        <scale>0.75</scale>
      </LabelStyle>
    </Style>
    <Style id="route_p5">
      <LineStyle>
        <color>ffb659b9</color>
        <width>4</width>
      </LineStyle>
    </Style>
    <Style id="routedash_p5">
      <LineStyle>
        <color>ffb659b9</color>
        <width>2</width>
      </LineStyle>
    </Style>
    <Style id="pin_p6">
      <IconStyle>
        <color>ff227ae6</color>
        <scale>1.0</scale>
        <Icon>
          <href>http://maps.google.com/mapfiles/kml/paddle/wht-blank.png</href>
        </Icon>
      </IconStyle>
      <LabelStyle>
        <scale>0.75</scale>
      </LabelStyle>
    </Style>
    <Style id="route_p6">
      <LineStyle>
        <color>ff227ae6</color>
        <width>4</width>
      </LineStyle>
    </Style>
    <Style id="routedash_p6">
      <LineStyle>
        <color>ff227ae6</color>
        <width>2</width>
      </LineStyle>
    </Style>
    <Style id="pin_p7">
      <IconStyle>
        <color>ff9cbc1a</color>
        <scale>1.0</scale>
        <Icon>
          <href>http://maps.google.com/mapfiles/kml/paddle/wht-blank.png</href>
        </Icon>
      </IconStyle>
      <LabelStyle>
        <scale>0.75</scale>
      </LabelStyle>
    </Style>
    <Style id="route_p7">
      <LineStyle>
        <color>ff9cbc1a</color>
        <width>4</width>
      </LineStyle>
    </Style>
    <Style id="routedash_p7">
      <LineStyle>
        <color>ff9cbc1a</color>
        <width>2</width>
      </LineStyle>
    </Style>
    <Style id="pin_p8">
      <IconStyle>
        <color>ff3c4ce7</color>
        <scale>1.0</scale>
        <Icon>
          <href>http://maps.google.com/mapfiles/kml/paddle/wht-blank.png</href>
        </Icon>
      </IconStyle>
      <LabelStyle>
        <scale>0.75</scale>
      </LabelStyle>
    </Style>
    <Style id="route_p8">
      <LineStyle>
        <color>ff3c4ce7</color>
        <width>4</width>
      </LineStyle>
    </Style>
    <Style id="routedash_p8">
      <LineStyle>
        <color>ff3c4ce7</color>
        <width>2</width>
      </LineStyle>
    </Style>
    <Style id="pin_p9">
      <IconStyle>
        <color>ffad44e2</color>
        <scale>1.0</scale>
        <Icon>
          <href>http://maps.google.com/mapfiles/kml/paddle/wht-blank.png</href>
        </Icon>
      </IconStyle>
      <LabelStyle>
        <scale>0.75</scale>
      </LabelStyle>
    </Style>
    <Style id="route_p9">
      <LineStyle>
        <color>ffad44e2</color>
        <width>4</width>
      </LineStyle>
    </Style>
    <Style id="routedash_p9">
      <LineStyle>
        <color>ffad44e2</color>
        <width>2</width>
      </LineStyle>
    </Style>
    <Style id="pin_depart">
      <IconStyle>
        <Icon>
          <href>http://maps.google.com/mapfiles/kml/paddle/ylw-stars.png</href>
        </Icon>
      </IconStyle>
    </Style>
    <Style id="pin_fin">
      <IconStyle>
        <Icon>
          <href>http://maps.google.com/mapfiles/kml/paddle/red-square.png</href>
        </Icon>
      </IconStyle>
    </Style>
    <Folder>
      <name>Points d'intérêt (POI)</name>
      <open>1</open>
      <Folder>
        <name>I — Le Chapeau à Franz</name>
        <open>0</open>
        <Placemark>
          <name>32. Ferme Grabner</name>
          <description><![CDATA[&lt;b&gt;20 sept. 1941 — dernier soir&lt;/b&gt;&lt;br/&gt;&lt;br/&gt;Dernier repas chez les Grabner. Le père Grabner, la pipe à la main, est content de son prisonnier. Alban profite d’un moment d’inattention pour subtiliser le chapeau tyrolien de Franz sur l’étagère à vaisselle. « Ouf ! je l’ai ! » Il embrasse le petit Ernst — « Gute nacht, Ernsti ! » — et dévale le sentier à travers prés vers le Kommando.&lt;br/&gt;&lt;br/&gt;&lt;i&gt;« Gute nacht, Ernsti ! »&lt;/i&gt;]]></description>
          <styleUrl>#pin_p1</styleUrl>
          <Point>
            <coordinates>15.69998,47.23845,0</coordinates>
          </Point>
        </Placemark>
      </Folder>
      <Folder>
        <name>II — À ciel ouvert</name>
        <open>0</open>
        <Placemark>
          <name>1. Kommando de Hohenilz (Puch bei Weiz)</name>
          <description><![CDATA[&lt;b&gt;20 sept. 1941 — vers 23h&lt;/b&gt;&lt;br/&gt;&lt;br/&gt;Baraquement collectif à Hohenilz, commune de Puch bei Weiz. André et les copains préparent sacs, vivres, boussole et carte copiée à la main. La sentinelle se couche. André déverrouille les portes, ils traversent la grange et sautent dans la nuit.&lt;br/&gt;&lt;br/&gt;&lt;i&gt;« Gute nacht ! Comme tous les soirs. »&lt;/i&gt;]]></description>
          <styleUrl>#pin_depart</styleUrl>
          <Point>
            <coordinates>15.6867,47.23764,0</coordinates>
          </Point>
        </Placemark>
        <Placemark>
          <name>2. Weiz (traversée nocturne, sortie nord-ouest)</name>
          <description><![CDATA[&lt;b&gt;Nuit du 20 au 21 sept. — 1h du matin&lt;/b&gt;&lt;br/&gt;&lt;br/&gt;À une heure du matin, les premières maisons de Weiz. Un civil les croise et se retourne. Au premier carrefour, à droite ; 400 m plus loin, à gauche vers le jardin public. Un couple d'amoureux. Plus loin de la jeunesse chante. Ils coupent à travers prés, retrouvent la route qu'ils empruntaient matin et soir, foncent vers le « village nègre » puis s'enfoncent dans la forêt.&lt;br/&gt;&lt;br/&gt;&lt;i&gt;« Sortons du patelin ! »&lt;/i&gt;]]></description>
          <styleUrl>#pin_p2</styleUrl>
          <Point>
            <coordinates>15.6284,47.2179,0</coordinates>
          </Point>
        </Placemark>
        <Placemark>
          <name>3. Forêt au nord-ouest de Weiz (pause)</name>
          <description><![CDATA[&lt;b&gt;Nuit du 20 au 21 sept.&lt;/b&gt;&lt;br/&gt;&lt;br/&gt;Ils peuvent respirer. Chaussent leurs souliers, échangent leurs premières impressions. « Tu as vu, le civil ? Il nous a drôlement repérés. » André sort la boussole et cherche l'ouest.&lt;br/&gt;&lt;br/&gt;&lt;i&gt;« Et demain nous tâcherons de franchir la Mur ! »&lt;/i&gt;]]></description>
          <styleUrl>#pin_p2</styleUrl>
          <Point>
            <coordinates>15.6135,47.2186,0</coordinates>
          </Point>
        </Placemark>
        <Placemark>
          <name>27. Pancarte « Arbeits Kommando N°... »</name>
          <description><![CDATA[&lt;b&gt;Nuit du 20 au 21 sept.&lt;/b&gt;&lt;br/&gt;&lt;br/&gt;Ils joignent une route qui paraît bien orientée, mais « après quelques détours semble s'en aller carrément vers le nord ». André éclaire une pancarte : « Arbeits Kommando N°… → à 200 mètres. » Ils quittent la route et suivent le lit sec d'un ruisseau dans le noir.&lt;br/&gt;&lt;br/&gt;&lt;i&gt;« Merde ! »&lt;/i&gt;]]></description>
          <styleUrl>#pin_p2</styleUrl>
          <Point>
            <coordinates>15.56633,47.23365,0</coordinates>
          </Point>
        </Placemark>
        <Placemark>
          <name>25. Bivouac nuit 1 (ravin boisé)</name>
          <description><![CDATA[&lt;b&gt;Nuit du 20 au 21 sept.&lt;/b&gt;&lt;br/&gt;&lt;br/&gt;Recroquevillés sous les couvertures, corps contre corps pour se réchauffer, dans un antre de la forêt embrouillée, sur un léger replat. ~14 km depuis le Kommando.&lt;br/&gt;&lt;br/&gt;&lt;i&gt;« Et d'une étape ! Je ne pense pas qu'on vienne nous découvrir ici. »&lt;/i&gt;]]></description>
          <styleUrl>#pin_p2</styleUrl>
          <Point>
            <coordinates>15.5612,47.2329,0</coordinates>
          </Point>
        </Placemark>
      </Folder>
      <Folder>
        <name>III — Le Pont à Péage</name>
        <open>0</open>
        <Placemark>
          <name>4. Raabklamm (rivière &amp; gués)</name>
          <description><![CDATA[&lt;b&gt;21 sept. — matin&lt;/b&gt;&lt;br/&gt;&lt;br/&gt;Sur l'autre versant du bois, une longue gorge au fond de laquelle coule une petite rivière. « La vallée monte insensiblement vers l'ouest. » Ils descendent, se déchaussent, passent à gué dans l'eau claire et froide qui leur monte à mi-mollets. Deux civils arrivent sur l'autre rive : « Heil Hitler ! » Ils se font passer pour des Croates. Un groupe de jeunes campeurs gambade plus loin.&lt;br/&gt;&lt;br/&gt;&lt;i&gt;« Heil Hitler ! »&lt;/i&gt;]]></description>
          <styleUrl>#pin_p3</styleUrl>
          <Point>
            <coordinates>15.5292,47.2448,0</coordinates>
          </Point>
        </Placemark>
        <Placemark>
          <name>5. Plateau près de Semriach (bivouac nuit 2)</name>
          <description><![CDATA[&lt;b&gt;Nuit du 21 au 22 sept.&lt;/b&gt;&lt;br/&gt;&lt;br/&gt;« La nuit les rattrape dans les champs d'un plateau qui porte de loin en loin quelques fermes sur son dos cabossé. » Fatigue, gosiers secs, pieds d'André entamés. Recherche de pommiers. ~12 km depuis le bivouac précédent.&lt;br/&gt;&lt;br/&gt;&lt;i&gt;« Réveil dans la fraîcheur matinale. Un coup d'œil à la boussole et à la carte. — Aïe mes pieds ! — Et ces putains de sacs ! Ça fait peur de les remettre. — Aujourd'hui il faut pourtant franchir la Mur. »&lt;/i&gt;]]></description>
          <styleUrl>#pin_p3</styleUrl>
          <Point>
            <coordinates>15.4597,47.2252,0</coordinates>
          </Point>
        </Placemark>
        <Placemark>
          <name>23. Cascade</name>
          <description><![CDATA[&lt;b&gt;22 sept. — matin&lt;/b&gt;&lt;br/&gt;&lt;br/&gt;Dans une gorge étroite, ils s'arrêtent sur des plates-formes bâties pour les touristes et admirent le bouillonnement de la cascade dans le chaos des blocs rocheux. Des escaliers en bois longent les rochers, une cabane en bois pour l'organisation touristique. Ils évoquent les gorges pyrénéennes : la Pierre Lys, St Georges, Galamus.&lt;br/&gt;&lt;br/&gt;&lt;i&gt;« Ça vaut le coup de s'évader quand même. Ne serait-ce que pour ça ! »&lt;/i&gt;]]></description>
          <styleUrl>#pin_p3</styleUrl>
          <Point>
            <coordinates>15.4001,47.20816,0</coordinates>
          </Point>
        </Placemark>
        <Placemark>
          <name>28. Village traversé [? ]</name>
          <description><![CDATA[&lt;b&gt;22 sept.&lt;/b&gt;&lt;br/&gt;&lt;br/&gt;« Ils ne peuvent éviter la traversée d'un village. Des femmes leur indiquent la bonne route. »]]></description>
          <styleUrl>#pin_p3</styleUrl>
          <Point>
            <coordinates>15.37846,47.2312,0</coordinates>
          </Point>
        </Placemark>
        <Placemark>
          <name>29. Pentes abruptes (village évité)</name>
          <description><![CDATA[&lt;b&gt;22 sept.&lt;/b&gt;&lt;br/&gt;&lt;br/&gt;Le sifflet d'une locomotive. La vallée s'élargit pour se fondre dans la vallée perpendiculaire. Ils décident de tourner le village par les bois, sur leur gauche. Montée à pic dans les pentes boisées. D'une trouée ils observent la rivière et le village, mais le pont reste introuvable.&lt;br/&gt;&lt;br/&gt;&lt;i&gt;« Où peut-il être ce sacré pont ? »&lt;/i&gt;]]></description>
          <styleUrl>#pin_p3</styleUrl>
          <Point>
            <coordinates>15.32951,47.24642,0</coordinates>
          </Point>
        </Placemark>
        <Placemark>
          <name>6. Pont à péage sur la Mur — Frohnleiten</name>
          <description><![CDATA[&lt;b&gt;22 sept. — après-midi&lt;/b&gt;&lt;br/&gt;&lt;br/&gt;Un vieux bonhomme sort de sa baraque : « Vier Pfennigo, bitte ! » C'est un pont à péage, pas une sentinelle. André fouille nerveusement son sac. Le vieux demande s'ils sont Kroat ? « Ja ! » Il empoche dix pfennigs, veut rendre la monnaie. Ils filent. Sur le bord de la route, un prisonnier français travaille dans une scierie. Pont en bois, seul passage sur la Mur entre Bruck et Graz (documenté historiquement).&lt;br/&gt;&lt;br/&gt;&lt;i&gt;« Vier Pfennigo, bitte ! »&lt;/i&gt;]]></description>
          <styleUrl>#pin_p3</styleUrl>
          <Point>
            <coordinates>15.32472,47.26884,0</coordinates>
          </Point>
        </Placemark>
        <Placemark>
          <name>26. Bivouac nuit 3 (après le pont)</name>
          <description><![CDATA[&lt;b&gt;Nuit du 22 au 23 sept.&lt;/b&gt;&lt;br/&gt;&lt;br/&gt;Les dernières maisons passées, ils quittent la route pour le bois. Ils grimpent dans les feuilles sèches, s'arrêtent essoufflés. Un bout de saucisson, un lit de feuilles mortes. ~24 km depuis le bivouac précédent.&lt;br/&gt;&lt;br/&gt;&lt;i&gt;« Nous avons la veine avec nous. »&lt;/i&gt;]]></description>
          <styleUrl>#pin_p3</styleUrl>
          <Point>
            <coordinates>15.31258,47.27661,0</coordinates>
          </Point>
        </Placemark>
      </Folder>
      <Folder>
        <name>IV — Les Abreuvoirs</name>
        <open>0</open>
        <Placemark>
          <name>7. Montagnes entre Mur et Mürz</name>
          <description><![CDATA[&lt;b&gt;~23-25 sept.&lt;/b&gt;&lt;br/&gt;&lt;br/&gt;« Une belle vie, une vraie vie qui éprouve les muscles en lutte constante contre l'espace et la pesanteur. » Marche à la boussole plein ouest, plusieurs jours. André dérive nord-ouest, Alban tire sud-ouest — « en moyenne ils ne doivent guère s'écarter de la direction ouest ». Trois jours de suite un abreuvoir creusé dans un tronc les accueille à l'étape. ~17 km par jour.&lt;br/&gt;&lt;br/&gt;&lt;i&gt;« On n'en sortira jamais ! »&lt;/i&gt;]]></description>
          <styleUrl>#pin_p4</styleUrl>
          <Point>
            <coordinates>15.0985,47.2613,0</coordinates>
          </Point>
        </Placemark>
        <Placemark>
          <name>30. Grange à foin</name>
          <description><![CDATA[&lt;b&gt;~25 sept.&lt;/b&gt;&lt;br/&gt;&lt;br/&gt;« Ils escaladent une petite grange dans laquelle le foin sera doux à leurs reins habitués au contact de la terre. » Un palace peuplé de beaux rêves de liberté. Vol de patates dans un champ voisin, le vieux n'y a vu que du feu. ~43 km en ~3 jours depuis le bivouac après le pont.&lt;br/&gt;&lt;br/&gt;&lt;i&gt;« Un palace qu'ils vont peupler de beaux rêves de liberté… »&lt;/i&gt;]]></description>
          <styleUrl>#pin_p4</styleUrl>
          <Point>
            <coordinates>14.9202,47.2343,0</coordinates>
          </Point>
        </Placemark>
      </Folder>
      <Folder>
        <name>V — Les Bords de la Mur</name>
        <open>0</open>
        <Placemark>
          <name>31. Village au carrefour (détour nord)</name>
          <description><![CDATA[&lt;b&gt;~26 sept. — matin&lt;/b&gt;&lt;br/&gt;&lt;br/&gt;Sortis de la grange une heure avant le jour, un village est atteint. Au carrefour, André tire vers le nord. La route vire dangereusement. « C'était l'autre qui était la bonne. » Ils regagnent le bon chemin à travers les prés trempés de rosée. Les locomotives sifflent dans le brouillard.&lt;br/&gt;&lt;br/&gt;&lt;i&gt;« La route vire dangereusement vers le nord. — C'était l'autre qui était la bonne. »&lt;/i&gt;]]></description>
          <styleUrl>#pin_p5</styleUrl>
          <Point>
            <coordinates>14.85871,47.22752,0</coordinates>
          </Point>
        </Placemark>
        <Placemark>
          <name>8. Bords de la Mur, vers Knittelfeld</name>
          <description><![CDATA[&lt;b&gt;~26 sept.&lt;/b&gt;&lt;br/&gt;&lt;br/&gt;Dans le brouillard matinal, le bruit d'une grande rivière. « La voilà… Merde ! Ça ne peut être que la Mur ! » Un gros bourg sur l'autre rive — Knittelfeld ? Judenburg ? Feu de camp au bord de l'eau, thé au lait, rasage. Ils décident de remonter la rivière vers l'ouest, direction Klagenfurt.&lt;br/&gt;&lt;br/&gt;&lt;i&gt;« La voilà... Merde ! Ça ne peut être que la Mur ! »&lt;/i&gt;]]></description>
          <styleUrl>#pin_p5</styleUrl>
          <Point>
            <coordinates>14.8483,47.2164,0</coordinates>
          </Point>
        </Placemark>
        <Placemark>
          <name>9. Forêt le long de la Mur</name>
          <description><![CDATA[&lt;b&gt;~26-27 sept.&lt;/b&gt;&lt;br/&gt;&lt;br/&gt;Sentier sous les sapins, le long de la rivière. Ils jouissent de l'ombre et du murmure de l'eau. Rêveries sur un canoë. « L'Autriche est un magnifique pays ! » Une enveloppe sur une bouse révèle le nom « Juden… » — Judenburg ! Ils savent enfin où ils sont.&lt;br/&gt;&lt;br/&gt;&lt;i&gt;« L'Autriche est un magnifique pays ! »&lt;/i&gt;]]></description>
          <styleUrl>#pin_p5</styleUrl>
          <Point>
            <coordinates>14.7109,47.1781,0</coordinates>
          </Point>
        </Placemark>
        <Placemark>
          <name>10. Judenburg (gare de marchandises)</name>
          <description><![CDATA[&lt;b&gt;~27 sept. — soir&lt;/b&gt;&lt;br/&gt;&lt;br/&gt;Ils décident de tenter la gare de marchandises. Deux heures tapis le long de la clôture dans une petite fosse obscure. Des employés promènent leurs lampes entre les convois, des locomotives soufflent des fumées rougeoyantes. Mais les trains ne s'arrêtent pas.&lt;br/&gt;&lt;br/&gt;&lt;i&gt;« Y a pas moyen. On se débine ? »&lt;/i&gt;]]></description>
          <styleUrl>#pin_p5</styleUrl>
          <Point>
            <coordinates>14.6618,47.1692,0</coordinates>
          </Point>
        </Placemark>
      </Folder>
      <Folder>
        <name>VI — La Nuit tragique</name>
        <open>0</open>
        <Placemark>
          <name>11. Auto-strade — accident de vélo (borne Klagenfurt 76 km)</name>
          <description><![CDATA[&lt;b&gt;Nuit du 27 au 28 sept.&lt;/b&gt;&lt;br/&gt;&lt;br/&gt;Sur l'auto-strade Vienne-Klagenfurt. Bornes « Klagenfurt 76 km… 75… 74… » Un cycliste sans lumière percute André de plein fouet. L'homme s'affale sur la route, le visage ensanglanté. Ils le relèvent avec l'aide d'une femme puis s'enfuient à travers champs. Point positionné à ~18 km de Judenburg le long de la route, correspondant à la borne « Klagenfurt 76 km ».&lt;br/&gt;&lt;br/&gt;&lt;i&gt;« Ah ! putain de Dieu ! Quelle tuile ! Quelle poisse ! »&lt;/i&gt;]]></description>
          <styleUrl>#pin_p6</styleUrl>
          <Point>
            <coordinates>14.4508,47.2023,0</coordinates>
          </Point>
        </Placemark>
        <Placemark>
          <name>12. Tunnel gardé (sentinelle)</name>
          <description><![CDATA[&lt;b&gt;Nuit du 27 au 28 sept.&lt;/b&gt;&lt;br/&gt;&lt;br/&gt;La route passe sous un pont ferroviaire dans une gorge étroite. Une sentinelle braque sa lampe sur Alban. « Halt ! » — « Woher ? » — « Von Judenburg ! » — « Franzozen ? » — « Oh nein ! » Il promène sa lampe sur leurs corps puis : « Gelt ! »&lt;br/&gt;&lt;br/&gt;&lt;i&gt;« Gelt ! dit-il. — Danke schön ! »&lt;/i&gt;]]></description>
          <styleUrl>#pin_p6</styleUrl>
          <Point>
            <coordinates>14.4052,47.0109,0</coordinates>
          </Point>
        </Placemark>
      </Folder>
      <Folder>
        <name>VII — Tourisme</name>
        <open>0</open>
        <Placemark>
          <name>13. St. Veit an der Glan</name>
          <description><![CDATA[&lt;b&gt;~29-30 sept. — après-midi&lt;/b&gt;&lt;br/&gt;&lt;br/&gt;Traversée à deux heures de l'après-midi, parmi civils, soldats et gendarmes. Un soldat allemand s'approche pour demander du feu. Le sacré briquet d'Alban ne marchait pas, faute d'essence. Des prisonniers travaillent dans les champs comme des esclaves sous la surveillance d'un soldat.&lt;br/&gt;&lt;br/&gt;&lt;i&gt;« Et ce sacré briquet d'Alban qui ne marchait pas, faute d'essence ! »&lt;/i&gt;]]></description>
          <styleUrl>#pin_p7</styleUrl>
          <Point>
            <coordinates>14.3603,46.7681,0</coordinates>
          </Point>
        </Placemark>
        <Placemark>
          <name>14. Lac d'Ossiach</name>
          <description><![CDATA[&lt;b&gt;~1er oct.&lt;/b&gt;&lt;br/&gt;&lt;br/&gt;Le plateau devient marécageux. Barbeaux dans un canal. Orage soudain, refuge dans une grange. Arc-en-ciel des sept couleurs. Le lac : des maisons à l'envers noyées dans l'eau. Un vieillard qui garde une chèvre les interroge : « Wohin ? »&lt;br/&gt;&lt;br/&gt;&lt;i&gt;« Wohin ? — Villach ! Auf Wiedersehen. »&lt;/i&gt;]]></description>
          <styleUrl>#pin_p7</styleUrl>
          <Point>
            <coordinates>13.98,46.67,0</coordinates>
          </Point>
        </Placemark>
        <Placemark>
          <name>15. Villach (traversée &amp; pont sur la Drau)</name>
          <description><![CDATA[&lt;b&gt;~2 oct.&lt;/b&gt;&lt;br/&gt;&lt;br/&gt;Le pont sur la Drau n'est pas gardé. La sentinelle de la caserne ne devine rien — c'est elle qui reste prisonnière. Un adolescent entêté veut les prendre sur sa charrette tirée par un bœuf. À la sortie, une pancarte : « Italien. Grenze 21 Km. »&lt;br/&gt;&lt;br/&gt;&lt;i&gt;« Italien. Grenze 21 Km. »&lt;/i&gt;]]></description>
          <styleUrl>#pin_p7</styleUrl>
          <Point>
            <coordinates>13.8523,46.60961,0</coordinates>
          </Point>
        </Placemark>
        <Placemark>
          <name>16. Dernier bivouac en Autriche</name>
          <description><![CDATA[&lt;b&gt;Nuit du 2 au 3 oct.&lt;/b&gt;&lt;br/&gt;&lt;br/&gt;À la sortie de Villach, une pancarte les renseigne : « Italien. Grenze 21 Km. » Ils traversent la ville, franchissent la Gail au pont d'Unterföderaun, puis suivent la route de la vallée de la Gail vers le sud-ouest (direction Arnoldstein) sur une dizaine de kilomètres. Dernier feu de camp — pensent-ils — en territoire allemand ; ils se couchent à même le sol en lisière de forêt. Position estimée : ~10 km le long de la route après la sortie de Villach (« une dizaine de kilomètres », dit le texte), soit encore ~11 km jusqu'à la frontière d'après la pancarte « 21 km ».&lt;br/&gt;&lt;br/&gt;&lt;i&gt;« Italien. Grenze 21 Km. »&lt;/i&gt;]]></description>
          <styleUrl>#pin_p7</styleUrl>
          <Point>
            <coordinates>13.77312,46.54998,0</coordinates>
          </Point>
        </Placemark>
      </Folder>
      <Folder>
        <name>Evvira</name>
        <open>0</open>
        <Placemark>
          <name>17. Frontière italo-autrichienne (crête au sud de Thörl-Maglern)</name>
          <description><![CDATA[&lt;b&gt;3 oct. — 15h30&lt;/b&gt;&lt;br/&gt;&lt;br/&gt;Tranchée dans la forêt, une pancarte rongée : « Cassa ». Une lettre en italien. « Plus de doute ! On y est bien ! » Ils s'embrassent. En patois occitan : « É aro euf fé atension ! » (Et maintenant il faut faire attention !)&lt;br/&gt;&lt;br/&gt;&lt;i&gt;« Cassa ! Cassa ! Ça veut dire certainement « chasse » en italien ! »&lt;/i&gt;]]></description>
          <styleUrl>#pin_p8</styleUrl>
          <Point>
            <coordinates>13.70255,46.52221,0</coordinates>
          </Point>
        </Placemark>
        <Placemark>
          <name>33. Baraque en lisière (côté italien)</name>
          <description><![CDATA[&lt;b&gt;3 oct. — 15h30&lt;/b&gt;&lt;br/&gt;&lt;br/&gt;À une vingtaine de mètres, une maison apparaît plantée dans la clairière — « une baraque roumanière, sûrement ». Un marteau cogne contre des planches, un homme chante sans les voir. Un grognement de chien. Prudemment, ils s'enfoncent dans le bois pour s'éloigner de ce danger qui chante et qui grogne.&lt;br/&gt;&lt;br/&gt;&lt;i&gt;« Il est trois heures et demie et un marteau cognant contre des planches cadence une chanson… »&lt;/i&gt;]]></description>
          <styleUrl>#pin_p8</styleUrl>
          <Point>
            <coordinates>13.7024,46.51923,0</coordinates>
          </Point>
        </Placemark>
        <Placemark>
          <name>18. Versant italien (Alpes juliennes)</name>
          <description><![CDATA[&lt;b&gt;3 oct. — soir (vendredi)&lt;/b&gt;&lt;br/&gt;&lt;br/&gt;Descente vers les vallées. Montagnes déchiquetées, arêtes coupées à la serpe. Ils évoquent les Dolomites. Mais l'Italie fourmille de soldats, carabiniers, gendarmes, police de la route. Ils suivent les routes de montagne, toute en terrain militaire. 35 km dans la nuit du samedi.&lt;br/&gt;&lt;br/&gt;&lt;i&gt;« Ne serait-ce que pour ça ! »&lt;/i&gt;]]></description>
          <styleUrl>#pin_p8</styleUrl>
          <Point>
            <coordinates>13.62622,46.51204,0</coordinates>
          </Point>
        </Placemark>
      </Folder>
      <Folder>
        <name>Épilogue</name>
        <open>0</open>
        <Placemark>
          <name>19. Arrestation par les carabiniers</name>
          <description><![CDATA[&lt;b&gt;5 oct. — dimanche matin&lt;/b&gt;&lt;br/&gt;&lt;br/&gt;Dimanche matin, à la sortie d'un village qu'on ne pouvait contourner à cause de la montagne à pic, deux sentinelles relevées de la garde d'un tunnel leur demandent les papiers. Un vieux montait avec une corbeille de raisins — la plaine était toute proche.&lt;br/&gt;&lt;br/&gt;&lt;i&gt;« Et le dimanche matin il a fallu qu'un abruti !... »&lt;/i&gt;]]></description>
          <styleUrl>#pin_fin</styleUrl>
          <Point>
            <coordinates>13.31431,46.44425,0</coordinates>
          </Point>
        </Placemark>
        <Placemark>
          <name>20. Tarvisio (gare frontière)</name>
          <description><![CDATA[&lt;b&gt;~6 oct.&lt;/b&gt;&lt;br/&gt;&lt;br/&gt;Poste de carabiniers. Fouille, interrogatoire, caserne, ceinture. Deux cafés crème au buffet de la gare, moyennant cinq marks. Puis menottes entre deux carabiniers pour le train d'Udine.&lt;br/&gt;&lt;br/&gt;&lt;i&gt;« Elles font une drôle d'impression, ces ferrailles qui t'emprisonnent les mains. »&lt;/i&gt;]]></description>
          <styleUrl>#pin_p9</styleUrl>
          <Point>
            <coordinates>13.6039,46.5108,0</coordinates>
          </Point>
        </Placemark>
        <Placemark>
          <name>21. Udine (Prison Centrale)</name>
          <description><![CDATA[&lt;b&gt;~6-7 oct.&lt;/b&gt;&lt;br/&gt;&lt;br/&gt;Panier à salade, caserne, puis Prison Centrale — « une espèce de forteresse sans fenêtres ». Un gardien ouvre une grille, referme. « Ils nous ont fait crever de faim en Italie. » Ils sont gentils, toujours le sourire, mais « on ne vit pas que d'espérance ».&lt;br/&gt;&lt;br/&gt;&lt;i&gt;« Ils nous ont fait crever de faim en Italie. »&lt;/i&gt;]]></description>
          <styleUrl>#pin_p9</styleUrl>
          <Point>
            <coordinates>13.2357,46.0693,0</coordinates>
          </Point>
        </Placemark>
        <Placemark>
          <name>22. Stalag XVIII D — Marburg (Maribor)</name>
          <description><![CDATA[&lt;b&gt;21 oct. 1941 (épilogue)&lt;/b&gt;&lt;br/&gt;&lt;br/&gt;Retour au Stalag XVIII D, Marburg. 21 jours de cachot. Les copains passent des biscuits par le petit trou de la porte. « Putain quelle fringale. »&lt;br/&gt;&lt;br/&gt;&lt;i&gt;« Et d'où arrivez-vous ? — D'Italie. Vous avez des biscuits ? »&lt;/i&gt;]]></description>
          <styleUrl>#pin_p9</styleUrl>
          <Point>
            <coordinates>15.6467,46.5547,0</coordinates>
          </Point>
        </Placemark>
      </Folder>
    </Folder>
    <Folder>
      <name>Tracés du parcours</name>
      <open>1</open>
      <Folder>
        <name>I — Le Chapeau à Franz</name>
        <open>0</open>
        <Placemark>
          <name>Seg. 1 — 1.3 km (à pied)</name>
          <styleUrl>#route_p1</styleUrl>
          <LineString>
            <tessellate>1</tessellate>
            <coordinates>15.7,47.23844,0 15.70003,47.23852,0 15.70005,47.23854,0 15.70001,47.23854,0 15.69978,47.2385,0 15.69958,47.23851,0 15.69931,47.23859,0 15.69906,47.23871,0 15.69877,47.23883,0 15.69862,47.23886,0 15.69834,47.23884,0 15.69805,47.23877,0 15.69777,47.23863,0 15.69738,47.2385,0 15.69709,47.23842,0 15.69674,47.23844,0 15.69646,47.23834,0 15.69619,47.2382,0 15.69595,47.2381,0 15.69583,47.23797,0 15.69549,47.23784,0 15.69506,47.23764,0 15.69497,47.23764,0 15.6948,47.2377,0 15.6946,47.23769,0 15.69444,47.23759,0 15.69424,47.23729,0 15.69391,47.23711,0 15.69376,47.23717,0 15.69335,47.23735,0 15.69287,47.23743,0 15.69266,47.2375,0 15.6925,47.23764,0 15.69238,47.23784,0 15.69229,47.23794,0 15.69221,47.23792,0 15.69206,47.23789,0 15.69161,47.23785,0 15.69159,47.23767,0 15.69155,47.2375,0 15.69148,47.23737,0 15.69139,47.23724,0 15.69125,47.23709,0 15.69109,47.23696,0 15.69093,47.23687,0 15.69075,47.23679,0 15.69059,47.23673,0 15.69042,47.23668,0 15.69022,47.23664,0 15.68999,47.23661,0 15.68973,47.23661,0 15.68946,47.23663,0 15.68922,47.23668,0 15.68899,47.23675,0 15.68878,47.23684,0 15.68857,47.23695,0 15.68826,47.23715,0 15.6881,47.23725,0 15.68793,47.23733,0 15.68771,47.23741,0 15.68749,47.23747,0 15.68722,47.23751,0 15.687,47.23752,0 15.68683,47.2375,0 15.6868,47.23758,0 15.68675,47.23765,0</coordinates>
          </LineString>
        </Placemark>
      </Folder>
      <Folder>
        <name>II — À ciel ouvert</name>
        <open>0</open>
        <Placemark>
          <name>Seg. 1 — 5.9 km (à pied)</name>
          <styleUrl>#route_p2</styleUrl>
          <LineString>
            <tessellate>1</tessellate>
            <coordinates>15.68675,47.23765,0 15.6868,47.23758,0 15.68683,47.2375,0 15.68669,47.23748,0 15.68655,47.23745,0 15.68629,47.23739,0 15.68578,47.23721,0 15.68556,47.23713,0 15.68495,47.23691,0 15.68479,47.23685,0 15.68468,47.23681,0 15.68456,47.23676,0 15.68426,47.23664,0 15.68396,47.23649,0 15.68373,47.23633,0 15.68362,47.23623,0 15.68353,47.23613,0 15.68344,47.23602,0 15.68338,47.23591,0 15.68333,47.23579,0 15.6833,47.23567,0 15.68328,47.23553,0 15.68329,47.23538,0 15.68333,47.23523,0 15.68339,47.23509,0 15.68349,47.23492,0 15.68382,47.23445,0 15.68393,47.23428,0 15.68397,47.23418,0 15.68399,47.23407,0 15.68399,47.23395,0 15.68397,47.23384,0 15.68393,47.23373,0 15.68385,47.2336,0 15.68375,47.23349,0 15.68363,47.23339,0 15.6834,47.23326,0 15.68315,47.23317,0 15.68297,47.23313,0 15.6828,47.23311,0 15.68259,47.2331,0 15.68232,47.2331,0 15.682,47.23312,0 15.68117,47.23319,0 15.68096,47.2332,0 15.68085,47.2332,0 15.68074,47.2332,0 15.68053,47.23318,0 15.68034,47.23315,0 15.68011,47.23309,0 15.67989,47.23302,0 15.67969,47.23292,0 15.67951,47.23282,0 15.67938,47.23271,0 15.67926,47.23261,0 15.67915,47.23245,0 15.67909,47.23235,0 15.67904,47.23223,0 15.67898,47.232,0 15.67896,47.23175,0 15.67895,47.23089,0 15.67894,47.23072,0 15.67892,47.23056,0 15.67887,47.23037,0 15.67881,47.23022,0 15.67873,47.23005,0 15.67864,47.22991,0 15.67851,47.22977,0 15.67842,47.22971,0 15.67831,47.22964,0 15.67819,47.22958,0 15.67805,47.22953,0 15.6778,47.22947,0 15.67732,47.22939,0 15.67582,47.22919,0 15.6756,47.22917,0 15.67532,47.22915,0 15.67504,47.22913,0 15.67494,47.22911,0 15.6748,47.22908,0 15.67471,47.22904,0 15.67459,47.22899,0 15.67446,47.22892,0 15.67434,47.22881,0 15.67427,47.2287,0 15.67408,47.22875,0 15.67395,47.22879,0 15.67387,47.22879,0 15.67381,47.2288,0 15.6737,47.22878,0 15.67364,47.22875,0 15.67349,47.22869,0 15.67324,47.22854,0 15.67295,47.22834,0 15.67267,47.22795,0 15.67249,47.22765,0 15.67244,47.22758,0 15.67231,47.22746,0 15.67224,47.2274,0 15.67217,47.22736,0 15.67192,47.22726,0 15.67188,47.22723,0 15.67181,47.22724,0 15.67176,47.22724,0 15.67166,47.22722,0 15.67151,47.22719,0 15.6711,47.22712,0 15.67092,47.2271,0 15.67061,47.22707,0 15.67053,47.22708,0 15.67046,47.22712,0 15.67039,47.22718,0 15.67001,47.22729,0 15.66982,47.22732,0 15.66943,47.22734,0 15.66921,47.22737,0 15.66888,47.22746,0 15.66878,47.22747,0 15.66867,47.22746,0 15.66853,47.22743,0 15.66841,47.22737,0 15.66835,47.22732,0 15.6682,47.22713,0 15.66808,47.22701,0 15.66785,47.22685,0 15.6677,47.22676,0 15.66758,47.22671,0 15.6675,47.22667,0 15.66744,47.22663,0 15.66738,47.22659,0 15.66693,47.22643,0 15.66683,47.22641,0 15.66517,47.22681,0 15.66493,47.22681,0 15.66438,47.22672,0 15.66372,47.22662,0 15.66341,47.2265,0 15.66312,47.22626,0 15.66262,47.22654,0 15.66245,47.2266,0 15.66235,47.22657,0 15.66225,47.22651,0 15.66213,47.22632,0 15.66208,47.22624,0 15.66204,47.22609,0 15.662,47.22589,0 15.66197,47.22551,0 15.66191,47.22516,0 15.66191,47.22499,0 15.66201,47.22445,0 15.66194,47.22436,0 15.66183,47.22433,0 15.66154,47.2244,0 15.66032,47.22473,0 15.66002,47.22484,0 15.65974,47.22497,0 15.65853,47.22487,0 15.65841,47.22485,0 15.65835,47.22483,0 15.65831,47.22481,0 15.65817,47.22472,0 15.65808,47.22469,0 15.65789,47.22462,0 15.65781,47.22462,0 15.6577,47.22464,0 15.65728,47.22479,0 15.65692,47.22489,0 15.65648,47.22491,0 15.65644,47.2249,0 15.65615,47.22478,0 15.65611,47.22484,0 15.65605,47.22488,0 15.65579,47.22498,0 15.65574,47.22498,0 15.65544,47.22499,0 15.65536,47.22499,0 15.65529,47.22497,0 15.65504,47.22488,0 15.65423,47.22452,0 15.65411,47.22447,0 15.65335,47.22398,0 15.65311,47.2239,0 15.65239,47.22375,0 15.65175,47.2236,0 15.65161,47.22358,0 15.65144,47.22359,0 15.65134,47.2236,0 15.65085,47.22366,0 15.65067,47.22369,0 15.65036,47.2237,0 15.65002,47.22371,0 15.64985,47.2237,0 15.64973,47.22368,0 15.6497,47.22364,0 15.64968,47.22363,0 15.64955,47.22366,0 15.64942,47.22366,0 15.64923,47.22366,0 15.64914,47.22364,0 15.64889,47.2236,0 15.64792,47.22337,0 15.64769,47.22333,0 15.64699,47.22323,0 15.64656,47.22314,0 15.64574,47.22292,0 15.64561,47.22291,0 15.6454,47.22292,0 15.64519,47.22292,0 15.64507,47.22291,0 15.64503,47.2229,0 15.64424,47.22276,0 15.6438,47.22267,0 15.64293,47.22247,0 15.6426,47.22241,0 15.64235,47.22237,0 15.64218,47.22235,0 15.64201,47.22235,0 15.64188,47.22236,0 15.64176,47.22238,0 15.64125,47.22252,0 15.64114,47.22255,0 15.64105,47.22255,0 15.64097,47.22255,0 15.64089,47.22252,0 15.64081,47.22248,0 15.6406,47.22235,0 15.64017,47.22196,0 15.63992,47.22163,0 15.63964,47.22124,0 15.63945,47.22101,0 15.63927,47.22088,0 15.63921,47.22084,0 15.63918,47.22087,0 15.63912,47.22087,0 15.63908,47.22086,0 15.63901,47.22083,0 15.639,47.2208,0 15.63901,47.22078,0 15.63894,47.22073,0 15.63884,47.22066,0 15.63838,47.22042,0 15.63823,47.22033,0 15.63756,47.21994,0 15.63739,47.21985,0 15.63721,47.21975,0 15.63705,47.2197,0 15.63688,47.21965,0 15.63666,47.21961,0 15.63654,47.21959,0 15.63648,47.21953,0 15.63565,47.21945,0 15.63516,47.21939,0 15.63408,47.21915,0 15.63394,47.21911,0 15.63378,47.21911,0 15.6336,47.21911,0 15.63321,47.21914,0 15.6328,47.21916,0 15.63258,47.21914,0 15.63243,47.21912,0 15.63229,47.21908,0 15.63193,47.21896,0 15.6318,47.21891,0 15.63164,47.21888,0 15.63135,47.21882,0 15.63115,47.21878,0 15.63101,47.21877,0 15.63075,47.2187,0 15.63063,47.21865,0 15.63021,47.21847,0 15.63012,47.21843,0 15.63001,47.21838,0 15.62962,47.21817,0 15.62918,47.21796,0 15.62877,47.21778,0 15.62875,47.21776,0 15.62874,47.21774,0 15.62876,47.21768,0 15.62874,47.21768,0 15.62867,47.21767,0 15.62854,47.21777,0 15.62843,47.21788,0 15.62841,47.2179,0</coordinates>
          </LineString>
        </Placemark>
        <Placemark>
          <name>Seg. 2 — 1.4 km (à pied)</name>
          <styleUrl>#route_p2</styleUrl>
          <LineString>
            <tessellate>1</tessellate>
            <coordinates>15.62841,47.2179,0 15.62838,47.21793,0 15.62817,47.21816,0 15.62757,47.2188,0 15.6275,47.21888,0 15.62736,47.21901,0 15.62733,47.21904,0 15.62716,47.21923,0 15.62694,47.21948,0 15.62667,47.21973,0 15.62652,47.21987,0 15.62649,47.2199,0 15.62641,47.21987,0 15.62627,47.21983,0 15.62622,47.21981,0 15.62612,47.21978,0 15.62588,47.2197,0 15.62559,47.2196,0 15.62512,47.21944,0 15.62496,47.21939,0 15.62487,47.21936,0 15.62418,47.21912,0 15.62404,47.21923,0 15.62391,47.21918,0 15.62388,47.21916,0 15.62388,47.21916,0 15.62381,47.21913,0 15.62378,47.21911,0 15.62376,47.21907,0 15.62375,47.21903,0 15.62376,47.21886,0 15.62376,47.21878,0 15.62373,47.21875,0 15.62369,47.21874,0 15.62363,47.21874,0 15.62348,47.21874,0 15.62327,47.21876,0 15.62318,47.21876,0 15.62304,47.21874,0 15.62294,47.21873,0 15.62259,47.21865,0 15.62236,47.21856,0 15.62228,47.21852,0 15.62213,47.21846,0 15.62203,47.21842,0 15.62201,47.21845,0 15.62159,47.21843,0 15.62117,47.21841,0 15.62076,47.21838,0 15.62034,47.21836,0 15.61992,47.21834,0 15.6195,47.21832,0 15.61908,47.2183,0 15.61867,47.21827,0 15.61825,47.21825,0 15.61783,47.21823,0 15.61785,47.21822,0 15.61782,47.21819,0 15.61743,47.21799,0 15.61702,47.21776,0 15.61651,47.21754,0 15.61622,47.21755,0 15.616,47.21762,0 15.61592,47.21772,0 15.61589,47.2178,0 15.61591,47.21799,0 15.61576,47.21809,0 15.61555,47.2182,0 15.61518,47.21852,0 15.61501,47.21867,0 15.61441,47.21879,0 15.61358,47.2186,0</coordinates>
          </LineString>
        </Placemark>
        <Placemark>
          <name>Seg. 3 — 4.7 km (à pied)</name>
          <styleUrl>#route_p2</styleUrl>
          <LineString>
            <tessellate>1</tessellate>
            <coordinates>15.6135,47.2186,0 15.61355,47.21863,0 15.61358,47.2186,0 15.61363,47.21814,0 15.61322,47.21804,0 15.61292,47.2178,0 15.61246,47.2177,0 15.61221,47.21755,0 15.61202,47.21766,0 15.61164,47.21779,0 15.61133,47.21809,0 15.61117,47.21814,0 15.61085,47.21831,0 15.60984,47.21866,0 15.6096,47.21868,0 15.60952,47.21853,0 15.60863,47.21902,0 15.60861,47.21903,0 15.60795,47.21941,0 15.60762,47.21956,0 15.6073,47.21967,0 15.60691,47.2198,0 15.60631,47.22008,0 15.60589,47.22039,0 15.60548,47.2208,0 15.60514,47.22102,0 15.60462,47.22132,0 15.60447,47.22164,0 15.60441,47.22171,0 15.60429,47.22179,0 15.60408,47.22185,0 15.60363,47.22179,0 15.60356,47.22179,0 15.60348,47.22176,0 15.60312,47.2215,0 15.60271,47.2212,0 15.60261,47.22115,0 15.60207,47.221,0 15.60198,47.22097,0 15.60188,47.22093,0 15.6016,47.22079,0 15.60118,47.22057,0 15.60097,47.22046,0 15.60079,47.22038,0 15.60067,47.22034,0 15.60051,47.22029,0 15.60043,47.22027,0 15.60018,47.22022,0 15.59962,47.22014,0 15.59909,47.22008,0 15.59868,47.21997,0 15.59829,47.21982,0 15.59807,47.21957,0 15.598,47.21945,0 15.59797,47.21939,0 15.5979,47.21933,0 15.59779,47.21924,0 15.59769,47.21919,0 15.59744,47.21899,0 15.59722,47.21876,0 15.59715,47.21867,0 15.59708,47.2185,0 15.59704,47.21828,0 15.59702,47.21824,0 15.59691,47.2183,0 15.5966,47.21844,0 15.59621,47.21859,0 15.596,47.21872,0 15.59567,47.21891,0 15.59536,47.21909,0 15.59507,47.21925,0 15.59481,47.2194,0 15.59455,47.21954,0 15.5944,47.21961,0 15.59419,47.21969,0 15.59399,47.21975,0 15.59307,47.22001,0 15.59298,47.22003,0 15.59252,47.22023,0 15.59144,47.22062,0 15.59128,47.22068,0 15.59108,47.22073,0 15.59087,47.22078,0 15.59042,47.22084,0 15.59006,47.22092,0 15.58904,47.22119,0 15.58879,47.22125,0 15.5886,47.22128,0 15.58843,47.2213,0 15.58774,47.22136,0 15.58755,47.22139,0 15.58717,47.22145,0 15.58665,47.2216,0 15.58608,47.22178,0 15.5859,47.22182,0 15.58576,47.22185,0 15.58542,47.22189,0 15.58491,47.22193,0 15.58409,47.22201,0 15.5839,47.22205,0 15.58369,47.2221,0 15.58339,47.22219,0 15.58321,47.22224,0 15.5831,47.22227,0 15.58245,47.22248,0 15.58224,47.22256,0 15.58186,47.22271,0 15.58164,47.22285,0 15.58142,47.22306,0 15.58096,47.22346,0 15.58063,47.2237,0 15.57985,47.22421,0 15.57929,47.22455,0 15.57914,47.22462,0 15.57886,47.22473,0 15.57817,47.22497,0 15.57806,47.22502,0 15.57795,47.22507,0 15.57758,47.22531,0 15.57559,47.22653,0 15.5747,47.22706,0 15.57433,47.22728,0 15.57403,47.22745,0 15.57376,47.22756,0 15.57307,47.2278,0 15.57288,47.22787,0 15.57275,47.22793,0 15.5726,47.228,0 15.57227,47.2282,0 15.57212,47.22832,0 15.57201,47.22843,0 15.57158,47.22892,0 15.57138,47.2292,0 15.57126,47.22941,0 15.57105,47.22969,0 15.57086,47.22989,0 15.57065,47.23007,0 15.57032,47.23036,0 15.57015,47.2305,0 15.57001,47.2306,0 15.56981,47.23072,0 15.56964,47.23081,0 15.56927,47.23099,0 15.56895,47.23113,0 15.56864,47.23126,0 15.56796,47.23151,0 15.56758,47.2317,0 15.56726,47.23191,0 15.56698,47.23212,0 15.5668,47.23228,0 15.56668,47.23241,0 15.56652,47.23259,0 15.56643,47.23272,0 15.56639,47.23279,0 15.56632,47.23293,0 15.56626,47.2332,0 15.56625,47.23337,0 15.56623,47.23359,0 15.56631,47.23362,0 15.56634,47.23364,0</coordinates>
          </LineString>
        </Placemark>
        <Placemark>
          <name>Seg. 4 — 0.6 km (à pied)</name>
          <styleUrl>#route_p2</styleUrl>
          <LineString>
            <tessellate>1</tessellate>
            <coordinates>15.56633,47.23365,0 15.56634,47.23364,0 15.56631,47.23362,0 15.56623,47.23359,0 15.56625,47.23337,0 15.56626,47.2332,0 15.56621,47.23319,0 15.56607,47.23311,0 15.56585,47.23296,0 15.56536,47.23278,0 15.56454,47.23242,0 15.5638,47.2322,0 15.56302,47.2318,0 15.56261,47.23237,0 15.56198,47.23321,0 15.56139,47.23308,0 15.56115,47.23303,0</coordinates>
          </LineString>
        </Placemark>
      </Folder>
      <Folder>
        <name>III — Le Pont à Péage</name>
        <open>0</open>
        <Placemark>
          <name>Seg. 1 — 8.3 km (à pied)</name>
          <styleUrl>#route_p3</styleUrl>
          <LineString>
            <tessellate>1</tessellate>
            <coordinates>15.5292,47.24479,0 15.52904,47.24482,0 15.52905,47.24487,0 15.52902,47.24502,0 15.52901,47.24519,0 15.52894,47.24534,0 15.52851,47.2455,0 15.52838,47.24552,0 15.52825,47.24559,0 15.5281,47.24564,0 15.52787,47.24569,0 15.52742,47.24574,0 15.52706,47.24581,0 15.52662,47.24593,0 15.52623,47.24608,0 15.52602,47.24621,0 15.52578,47.24636,0 15.52552,47.24647,0 15.52526,47.24655,0 15.52506,47.24659,0 15.52472,47.24663,0 15.52425,47.24661,0 15.52387,47.24662,0 15.52351,47.24667,0 15.52318,47.2468,0 15.5228,47.2469,0 15.5224,47.24695,0 15.52192,47.24702,0 15.52151,47.24706,0 15.5212,47.24706,0 15.5206,47.24706,0 15.52017,47.2471,0 15.51973,47.24716,0 15.51939,47.24715,0 15.51928,47.24718,0 15.51917,47.24732,0 15.51914,47.24739,0 15.51882,47.24741,0 15.5185,47.24741,0 15.51793,47.24756,0 15.51757,47.24771,0 15.51752,47.24777,0 15.51747,47.24788,0 15.51754,47.24813,0 15.51758,47.24832,0 15.51748,47.24832,0 15.51732,47.24834,0 15.51726,47.24835,0 15.51714,47.24834,0 15.51704,47.24834,0 15.51569,47.24851,0 15.51528,47.24855,0 15.51479,47.24857,0 15.51456,47.24857,0 15.51441,47.24859,0 15.51422,47.24863,0 15.51407,47.24868,0 15.51378,47.24878,0 15.51288,47.24913,0 15.51275,47.24914,0 15.51246,47.24912,0 15.51235,47.24911,0 15.51222,47.24909,0 15.51203,47.24929,0 15.51196,47.24935,0 15.51182,47.24951,0 15.51152,47.24983,0 15.51118,47.25015,0 15.51085,47.25039,0 15.51059,47.2505,0 15.51049,47.25054,0 15.51028,47.25061,0 15.50976,47.25075,0 15.50961,47.25078,0 15.50893,47.2509,0 15.50778,47.25107,0 15.50762,47.25109,0 15.50697,47.2513,0 15.50622,47.25145,0 15.50518,47.25178,0 15.50507,47.25187,0 15.50504,47.25199,0 15.50508,47.25214,0 15.50508,47.25231,0 15.505,47.25243,0 15.5049,47.2525,0 15.50445,47.25294,0 15.50436,47.25303,0 15.50429,47.25301,0 15.50414,47.25294,0 15.5041,47.25291,0 15.50366,47.25264,0 15.5035,47.25257,0 15.50335,47.25253,0 15.50288,47.25242,0 15.50187,47.25221,0 15.5016,47.25216,0 15.50136,47.25209,0 15.50112,47.25202,0 15.50086,47.25192,0 15.50068,47.25185,0 15.50022,47.25147,0 15.49995,47.25139,0 15.49962,47.25138,0 15.49914,47.25114,0 15.49805,47.25093,0 15.49781,47.25066,0 15.49777,47.25051,0 15.49751,47.25041,0 15.49731,47.25036,0 15.49701,47.25032,0 15.4967,47.25026,0 15.49655,47.2502,0 15.4964,47.25012,0 15.49629,47.25004,0 15.49583,47.24945,0 15.49569,47.24934,0 15.49552,47.24921,0 15.49485,47.24889,0 15.49455,47.24873,0 15.49432,47.24858,0 15.49409,47.24841,0 15.49392,47.24825,0 15.49376,47.24804,0 15.4936,47.2478,0 15.4935,47.24762,0 15.49346,47.24737,0 15.49345,47.24711,0 15.49344,47.24692,0 15.49339,47.2468,0 15.4933,47.24667,0 15.49316,47.24655,0 15.493,47.24644,0 15.49223,47.24599,0 15.49204,47.24586,0 15.49193,47.24577,0 15.49168,47.24547,0 15.49161,47.24527,0 15.49161,47.24512,0 15.49163,47.24484,0 15.49163,47.24467,0 15.49155,47.24432,0 15.49154,47.24418,0 15.49156,47.24397,0 15.49163,47.24376,0 15.49165,47.24363,0 15.49163,47.24347,0 15.49158,47.24332,0 15.49145,47.24317,0 15.49088,47.24256,0 15.49075,47.24245,0 15.4907,47.24242,0 15.49059,47.24237,0 15.49052,47.24233,0 15.49043,47.24225,0 15.48986,47.24155,0 15.48968,47.24135,0 15.48953,47.24108,0 15.48949,47.24099,0 15.48945,47.24089,0 15.48943,47.24084,0 15.48939,47.24075,0 15.4893,47.24065,0 15.48918,47.24052,0 15.48891,47.24027,0 15.48872,47.24012,0 15.48838,47.23991,0 15.4883,47.23984,0 15.48826,47.23978,0 15.48823,47.23971,0 15.48822,47.23962,0 15.48809,47.23915,0 15.48805,47.23896,0 15.48803,47.23881,0 15.48795,47.23856,0 15.48783,47.23827,0 15.48751,47.23764,0 15.48747,47.23738,0 15.48739,47.2372,0 15.48713,47.23681,0 15.48705,47.23664,0 15.48702,47.23632,0 15.48705,47.23619,0 15.4871,47.236,0 15.48723,47.23504,0 15.4873,47.23473,0 15.48744,47.23445,0 15.48749,47.23436,0 15.48744,47.23445,0 15.48739,47.23437,0 15.48747,47.23374,0 15.48742,47.23356,0 15.48738,47.23327,0 15.48723,47.23311,0 15.48718,47.23299,0 15.48725,47.23288,0 15.48738,47.23279,0 15.48737,47.23261,0 15.48739,47.23236,0 15.48725,47.23222,0 15.48709,47.2319,0 15.48678,47.23169,0 15.48651,47.23158,0 15.48619,47.23153,0 15.48594,47.23152,0 15.4857,47.23142,0 15.48536,47.23129,0 15.485,47.23107,0 15.4846,47.23087,0 15.48451,47.23064,0 15.48429,47.2305,0 15.48387,47.23041,0 15.48369,47.23026,0 15.4834,47.23015,0 15.48301,47.23002,0 15.48284,47.23002,0 15.48202,47.23021,0 15.48202,47.23018,0 15.48194,47.23008,0 15.48188,47.23002,0 15.48184,47.22999,0 15.48171,47.22988,0 15.48145,47.22962,0 15.48122,47.2294,0 15.4811,47.22932,0 15.48096,47.22923,0 15.4808,47.22931,0 15.4806,47.22944,0 15.48038,47.2296,0 15.4802,47.22976,0 15.47996,47.22992,0 15.47975,47.23003,0 15.47952,47.23013,0 15.47913,47.23027,0 15.47872,47.2304,0 15.47813,47.23058,0 15.47766,47.23067,0 15.47742,47.23075,0 15.47721,47.2308,0 15.47699,47.2308,0 15.4768,47.23082,0 15.47647,47.23072,0 15.47595,47.23057,0 15.47527,47.23049,0 15.47484,47.2304,0 15.47449,47.23035,0 15.47413,47.23018,0 15.4738,47.22995,0 15.47352,47.22978,0 15.47315,47.22954,0 15.47269,47.22928,0 15.47207,47.22903,0 15.47134,47.22897,0 15.47083,47.22897,0 15.47058,47.22899,0 15.47011,47.22899,0 15.46976,47.22895,0 15.46944,47.2289,0 15.46884,47.22883,0 15.46825,47.2288,0 15.4679,47.22887,0 15.4672,47.22891,0 15.46667,47.22885,0 15.46612,47.22856,0 15.46561,47.22793,0 15.46513,47.22749,0 15.46476,47.22728,0 15.46478,47.227,0 15.46474,47.22665,0 15.46467,47.22645,0 15.46425,47.22623,0 15.46416,47.22588,0 15.46401,47.22583,0 15.4639,47.22559,0 15.46393,47.22527,0 15.46412,47.22485,0 15.46432,47.22451,0 15.46429,47.22436,0 15.464,47.22454,0 15.46317,47.22494,0 15.4631,47.22498,0 15.46304,47.225,0 15.46308,47.22512,0 15.46148,47.22586,0 15.4603,47.22606,0 15.45949,47.22593,0 15.45903,47.22577,0 15.45869,47.22561,0 15.45863,47.22551,0 15.45863,47.22544,0 15.4587,47.2254,0 15.45877,47.2254,0 15.45896,47.22542,0 15.45924,47.22542,0 15.45936,47.22539,0 15.45948,47.22533,0 15.45957,47.22525,0 15.45959,47.22518,0</coordinates>
          </LineString>
        </Placemark>
        <Placemark>
          <name>Seg. 2 — 21.8 km (à pied)</name>
          <styleUrl>#route_p3</styleUrl>
          <LineString>
            <tessellate>1</tessellate>
            <coordinates>15.4597,47.2252,0 15.45959,47.22518,0 15.4596,47.22515,0 15.45957,47.22509,0 15.4595,47.22505,0 15.45902,47.22499,0 15.45877,47.22493,0 15.45851,47.22484,0 15.45824,47.22472,0 15.45811,47.22464,0 15.45805,47.22455,0 15.4579,47.2243,0 15.45785,47.22427,0 15.45766,47.22418,0 15.45757,47.22423,0 15.45746,47.22425,0 15.45738,47.22426,0 15.45731,47.22425,0 15.45652,47.22415,0 15.45596,47.22405,0 15.4553,47.22391,0 15.45515,47.22391,0 15.45501,47.22392,0 15.45481,47.22394,0 15.45433,47.22406,0 15.45415,47.22408,0 15.45378,47.22408,0 15.45359,47.22405,0 15.4532,47.22398,0 15.45299,47.22395,0 15.45263,47.22392,0 15.45248,47.2239,0 15.45236,47.22387,0 15.45217,47.22381,0 15.45192,47.22369,0 15.45165,47.22356,0 15.45154,47.22351,0 15.45139,47.22346,0 15.45123,47.22342,0 15.45106,47.22339,0 15.45003,47.22333,0 15.44965,47.22335,0 15.44933,47.22339,0 15.44926,47.22341,0 15.44921,47.22344,0 15.44916,47.22348,0 15.44908,47.22359,0 15.44903,47.22365,0 15.44895,47.22368,0 15.44887,47.22371,0 15.44876,47.22371,0 15.44853,47.2237,0 15.4484,47.2237,0 15.44824,47.22374,0 15.44809,47.22378,0 15.448,47.22381,0 15.44795,47.22382,0 15.44791,47.22381,0 15.44788,47.22379,0 15.44787,47.22374,0 15.44787,47.22371,0 15.4479,47.22366,0 15.44816,47.22345,0 15.44826,47.22335,0 15.44837,47.22322,0 15.44866,47.22281,0 15.44874,47.22268,0 15.44879,47.22256,0 15.44896,47.22212,0 15.44897,47.22204,0 15.44898,47.22195,0 15.44897,47.22188,0 15.44894,47.22182,0 15.44889,47.22176,0 15.44881,47.2217,0 15.44848,47.22151,0 15.44844,47.22148,0 15.44841,47.22143,0 15.4484,47.22134,0 15.44833,47.22127,0 15.4482,47.22107,0 15.44816,47.22099,0 15.44813,47.22084,0 15.44815,47.22074,0 15.4482,47.22062,0 15.44833,47.22043,0 15.44845,47.22028,0 15.44856,47.22011,0 15.44868,47.21995,0 15.4488,47.21984,0 15.44891,47.21967,0 15.44893,47.21965,0 15.44899,47.21949,0 15.44901,47.21939,0 15.449,47.21933,0 15.44891,47.21914,0 15.44872,47.21865,0 15.4487,47.21855,0 15.4487,47.21849,0 15.44872,47.21842,0 15.44895,47.21804,0 15.44898,47.21795,0 15.44905,47.21741,0 15.44914,47.21645,0 15.4491,47.2164,0 15.44904,47.21634,0 15.44897,47.2163,0 15.4483,47.21683,0 15.44766,47.21742,0 15.44735,47.21774,0 15.44728,47.21769,0 15.44712,47.2176,0 15.44677,47.21744,0 15.44632,47.21718,0 15.44527,47.21647,0 15.44513,47.21636,0 15.44499,47.21623,0 15.44493,47.21614,0 15.4449,47.21606,0 15.4449,47.21594,0 15.44498,47.21523,0 15.44502,47.2151,0 15.4451,47.21502,0 15.4452,47.21494,0 15.44538,47.21485,0 15.4454,47.2148,0 15.44537,47.21475,0 15.44531,47.21473,0 15.4452,47.21474,0 15.44483,47.21482,0 15.44436,47.21489,0 15.44416,47.21494,0 15.44396,47.21502,0 15.44379,47.21512,0 15.44364,47.21524,0 15.44336,47.21548,0 15.44311,47.21575,0 15.44302,47.21589,0 15.4429,47.21613,0 15.44278,47.21648,0 15.44273,47.21654,0 15.44265,47.21655,0 15.44258,47.21652,0 15.44255,47.21648,0 15.44242,47.21606,0 15.44237,47.21574,0 15.44233,47.21555,0 15.44223,47.21531,0 15.44168,47.21441,0 15.44168,47.2143,0 15.44172,47.21423,0 15.44181,47.21415,0 15.44193,47.2141,0 15.44205,47.21408,0 15.44259,47.21405,0 15.4427,47.21399,0 15.44269,47.21395,0 15.44265,47.21393,0 15.44239,47.21396,0 15.44222,47.21394,0 15.4417,47.21366,0 15.4416,47.21363,0 15.44029,47.21345,0 15.44013,47.21342,0 15.43997,47.21342,0 15.43978,47.21346,0 15.4397,47.21349,0 15.43962,47.2136,0 15.43953,47.21357,0 15.43949,47.21352,0 15.43947,47.21346,0 15.4395,47.21336,0 15.44001,47.21316,0 15.44026,47.2131,0 15.44056,47.21312,0 15.44088,47.21318,0 15.44107,47.21316,0 15.44156,47.21317,0 15.44184,47.21314,0 15.44203,47.21317,0 15.44238,47.21325,0 15.44261,47.21326,0 15.44294,47.21317,0 15.44327,47.21314,0 15.44331,47.2131,0 15.44329,47.21304,0 15.44324,47.21302,0 15.44301,47.21305,0 15.44266,47.21306,0 15.44178,47.21287,0 15.44082,47.21272,0 15.44012,47.21253,0 15.43979,47.21249,0 15.43971,47.21246,0 15.43963,47.21242,0 15.43956,47.21236,0 15.43938,47.21234,0 15.43929,47.21233,0 15.4392,47.21249,0 15.43911,47.21258,0 15.43897,47.21267,0 15.43871,47.21278,0 15.43847,47.21285,0 15.43819,47.21289,0 15.43802,47.21294,0 15.43765,47.213,0 15.43743,47.21302,0 15.43727,47.21302,0 15.43697,47.21294,0 15.43684,47.21291,0 15.43665,47.2129,0 15.43648,47.21292,0 15.43622,47.213,0 15.43606,47.21303,0 15.43579,47.21303,0 15.43519,47.21288,0 15.43502,47.21286,0 15.43483,47.21285,0 15.43469,47.21285,0 15.43449,47.21287,0 15.43393,47.21296,0 15.43377,47.21297,0 15.43363,47.21297,0 15.43334,47.21294,0 15.43324,47.21294,0 15.43312,47.21296,0 15.43288,47.21308,0 15.43263,47.21315,0 15.43241,47.21318,0 15.43215,47.21318,0 15.43201,47.21318,0 15.43139,47.21311,0 15.43103,47.21309,0 15.43075,47.21305,0 15.43043,47.213,0 15.43008,47.21296,0 15.42934,47.21296,0 15.42918,47.21298,0 15.42842,47.2131,0 15.4276,47.21317,0 15.42725,47.21314,0 15.42689,47.21308,0 15.42657,47.21303,0 15.42616,47.21299,0 15.42562,47.213,0 15.42516,47.21299,0 15.42491,47.21296,0 15.42474,47.21294,0 15.42423,47.21281,0 15.42376,47.21263,0 15.4236,47.2126,0 15.42341,47.21259,0 15.42306,47.21262,0 15.42293,47.21262,0 15.42282,47.21261,0 15.42267,47.21261,0 15.42255,47.21259,0 15.42247,47.21254,0 15.42238,47.2124,0 15.42221,47.21225,0 15.42204,47.2121,0 15.42176,47.21195,0 15.4215,47.21185,0 15.42131,47.21183,0 15.42097,47.21181,0 15.4205,47.21174,0 15.42005,47.21162,0 15.41981,47.21152,0 15.41944,47.21144,0 15.41912,47.2114,0 15.41888,47.21135,0 15.41852,47.21124,0 15.41832,47.21117,0 15.41806,47.2111,0 15.41774,47.21105,0 15.41753,47.21104,0 15.41743,47.21104,0 15.41728,47.21106,0 15.41712,47.21111,0 15.41687,47.21117,0 15.41668,47.21117,0 15.41647,47.21112,0 15.41619,47.21109,0 15.41593,47.21111,0 15.41569,47.21115,0 15.41541,47.21124,0 15.41495,47.21148,0 15.41475,47.21155,0 15.41444,47.21162,0 15.41394,47.21164,0 15.41389,47.21163,0 15.41373,47.21161,0 15.4136,47.21157,0 15.41343,47.2115,0 15.41321,47.21143,0 15.41304,47.21137,0 15.41296,47.21131,0 15.41283,47.2112,0 15.4127,47.21112,0 15.4123,47.21096,0 15.41207,47.21091,0 15.41163,47.21085,0 15.41117,47.21072,0 15.41081,47.21064,0 15.41049,47.21053,0 15.41018,47.21041,0 15.40996,47.21029,0 15.40975,47.21013,0 15.40961,47.21005,0 15.40952,47.20998,0 15.4094,47.20979,0 15.4093,47.2097,0 15.40927,47.20969,0 15.40917,47.20965,0 15.40905,47.20962,0 15.40883,47.20961,0 15.40843,47.20963,0 15.40822,47.20964,0 15.40796,47.20967,0 15.40744,47.20975,0 15.40739,47.20977,0 15.40737,47.2098,0 15.40735,47.20984,0 15.40735,47.2099,0 15.40736,47.20997,0 15.40735,47.20999,0 15.40731,47.21003,0 15.40718,47.21008,0 15.407,47.2101,0 15.40686,47.21016,0 15.40661,47.21024,0 15.40654,47.21024,0 15.40639,47.21019,0 15.40611,47.21016,0 15.40567,47.21015,0 15.40568,47.21014,0 15.40576,47.21011,0 15.40603,47.21001,0 15.40608,47.20997,0 15.40611,47.2099,0 15.4061,47.20984,0 15.40607,47.20978,0 15.40606,47.20975,0 15.40573,47.20981,0 15.40564,47.20982,0 15.40551,47.20981,0 15.40539,47.20977,0 15.40514,47.2097,0 15.40491,47.20966,0 15.40472,47.20961,0 15.4047,47.20959,0 15.40446,47.20951,0 15.4043,47.2094,0 15.40412,47.20931,0 15.40391,47.20923,0 15.40366,47.20915,0 15.40341,47.20904,0 15.40328,47.20898,0 15.40322,47.20894,0 15.40309,47.20878,0 15.40301,47.2086,0 15.40294,47.20855,0 15.40269,47.20844,0 15.40242,47.20834,0 15.40219,47.20823,0 15.40211,47.2082,0 15.40159,47.20815,0 15.40137,47.20816,0 15.40113,47.20823,0 15.40094,47.20835,0 15.40081,47.2084,0 15.40072,47.20841,0 15.40065,47.20837,0 15.40052,47.20817,0 15.40036,47.20805,0 15.40035,47.20806,0 15.4001,47.20816,0 15.40011,47.20816,0 15.40011,47.20826,0 15.40015,47.20837,0 15.40023,47.20851,0 15.4003,47.20857,0 15.40037,47.20861,0 15.40043,47.20868,0 15.40049,47.20877,0 15.4005,47.20885,0 15.40046,47.20892,0 15.40035,47.20893,0 15.4003,47.20893,0 15.40029,47.20895,0 15.4002,47.20914,0 15.39999,47.20934,0 15.39989,47.2094,0 15.39958,47.2095,0 15.39943,47.20961,0 15.39932,47.20981,0 15.39918,47.2099,0 15.39895,47.20996,0 15.39855,47.20999,0 15.39832,47.20992,0 15.39805,47.20992,0 15.39749,47.20997,0 15.39734,47.20999,0 15.39719,47.21003,0 15.39713,47.21002,0 15.39709,47.21,0 15.39708,47.20995,0 15.39712,47.20993,0 15.39744,47.20988,0 15.39762,47.20975,0 15.3977,47.20964,0 15.39785,47.20939,0 15.39787,47.2091,0 15.39786,47.20904,0 15.39772,47.20891,0 15.39756,47.20904,0 15.39733,47.20921,0 15.3972,47.20929,0 15.397,47.20938,0 15.39679,47.20945,0 15.39652,47.20949,0 15.39615,47.2095,0 15.39592,47.20952,0 15.39573,47.20957,0 15.39567,47.20959,0 15.39558,47.20965,0 15.39546,47.20974,0 15.39535,47.20994,0 15.39535,47.21012,0 15.39575,47.21109,0 15.39585,47.21149,0 15.39596,47.21195,0 15.39598,47.21203,0 15.39606,47.2122,0 15.39621,47.21236,0 15.3964,47.21251,0 15.39662,47.21264,0 15.39657,47.21269,0 15.39652,47.21274,0 15.39653,47.21279,0 15.39655,47.21284,0 15.39658,47.21298,0 15.39657,47.21315,0 15.39648,47.21365,0 15.39638,47.21388,0 15.39623,47.21418,0 15.3962,47.21436,0 15.3962,47.21466,0 15.39622,47.21486,0 15.39644,47.21535,0 15.39646,47.21542,0 15.39649,47.21549,0 15.3965,47.21565,0 15.39612,47.21663,0 15.39604,47.21679,0 15.396,47.21693,0 15.39596,47.21701,0 15.39587,47.21712,0 15.39579,47.21719,0 15.39558,47.21733,0 15.39532,47.21747,0 15.39508,47.21755,0 15.39486,47.21758,0 15.39463,47.21758,0 15.39352,47.21743,0 15.39317,47.21739,0 15.39303,47.21739,0 15.39294,47.21743,0 15.39287,47.21749,0 15.39283,47.21756,0 15.39273,47.21791,0 15.3926,47.21807,0 15.3924,47.21826,0 15.3922,47.2184,0 15.39207,47.21847,0 15.39195,47.21849,0 15.39185,47.21848,0 15.39177,47.21846,0 15.39167,47.21842,0 15.39159,47.21841,0 15.3915,47.2184,0 15.39141,47.21842,0 15.39133,47.21847,0 15.39079,47.21911,0 15.3907,47.21919,0 15.39057,47.21917,0 15.39042,47.2191,0 15.39031,47.2191,0 15.39019,47.2192,0 15.39006,47.21935,0 15.38967,47.21953,0 15.38942,47.21977,0 15.38842,47.22067,0 15.3883,47.22071,0 15.38825,47.22076,0 15.38806,47.2208,0 15.38788,47.22089,0 15.38772,47.22103,0 15.38743,47.22132,0 15.38714,47.22151,0 15.38702,47.2216,0 15.38626,47.22227,0 15.38608,47.22241,0 15.38592,47.2226,0 15.38582,47.2227,0 15.3857,47.22278,0 15.3855,47.22283,0 15.38501,47.22292,0 15.38464,47.22307,0 15.38428,47.22332,0 15.38375,47.22385,0 15.38369,47.22385,0 15.38348,47.22391,0 15.38307,47.22409,0 15.38292,47.22418,0 15.38267,47.22431,0 15.38182,47.22463,0 15.38119,47.22485,0 15.38102,47.22491,0 15.38083,47.22496,0 15.38072,47.22498,0 15.38057,47.22496,0 15.38053,47.22495,0 15.38057,47.22496,0 15.37982,47.22516,0 15.37968,47.22525,0 15.37935,47.22532,0 15.37925,47.22541,0 15.37919,47.2255,0 15.3791,47.22561,0 15.37904,47.22573,0 15.37895,47.2258,0 15.37887,47.22593,0 15.37887,47.22616,0 15.37874,47.22638,0 15.37848,47.22653,0 15.37828,47.22673,0 15.37778,47.22697,0 15.37753,47.22707,0 15.37737,47.22715,0 15.37718,47.22723,0 15.37707,47.22729,0 15.37694,47.22738,0 15.37682,47.22752,0 15.37667,47.22765,0 15.37638,47.22786,0 15.37626,47.22801,0 15.37614,47.22821,0 15.37607,47.22832,0 15.37597,47.22845,0 15.3758,47.22857,0 15.37572,47.22868,0 15.37565,47.22913,0 15.37562,47.22926,0 15.37555,47.22938,0 15.37547,47.22949,0 15.37546,47.22961,0 15.37556,47.22977,0 15.37584,47.23004,0 15.37639,47.23024,0 15.37719,47.23036,0 15.37758,47.23052,0 15.37799,47.2308,0 15.37802,47.23084,0 15.37816,47.2309,0 15.37828,47.23099,0 15.37832,47.23106,0 15.37831,47.23115,0 15.37832,47.2312,0 15.37838,47.23115,0 15.3784,47.23114,0 15.37838,47.23115,0 15.37832,47.2312,0 15.37829,47.23123,0 15.37811,47.23129,0 15.37795,47.23134,0 15.37771,47.23145,0 15.377,47.23177,0 15.37649,47.23156,0 15.37629,47.23152,0 15.37608,47.23153,0 15.37587,47.23159,0 15.37509,47.23185,0 15.37417,47.23219,0 15.37345,47.23247,0 15.37301,47.23263,0 15.37254,47.23282,0 15.3721,47.233,0 15.3715,47.23327,0 15.37103,47.2335,0 15.37085,47.23358,0 15.37036,47.23366,0 15.37,47.23373,0 15.36982,47.23376,0 15.36958,47.23379,0 15.36929,47.23377,0 15.36885,47.2337,0 15.36855,47.23366,0 15.36831,47.23362,0 15.36778,47.23349,0 15.36743,47.23342,0 15.36702,47.23333,0 15.36674,47.2333,0 15.36654,47.23324,0 15.36627,47.23314,0 15.36582,47.23285,0 15.3653,47.23259,0 15.36475,47.23233,0 15.36409,47.23216,0 15.36368,47.23207,0 15.36354,47.23206,0 15.36343,47.23204,0 15.36323,47.23204,0 15.36307,47.23201,0 15.36286,47.23195,0 15.36263,47.23188,0 15.36237,47.23176,0 15.36214,47.23164,0 15.36198,47.23154,0 15.36174,47.23125,0 15.36165,47.23116,0 15.36149,47.23105,0 15.36124,47.23088,0 15.36094,47.23066,0 15.36065,47.23051,0 15.36042,47.23031,0 15.36005,47.23006,0 15.35932,47.2297,0 15.3592,47.22966,0 15.35939,47.2299,0 15.35961,47.2301,0 15.35994,47.2303,0 15.35997,47.23037,0 15.35982,47.23042,0 15.35976,47.23045,0 15.3596,47.23035,0 15.35963,47.23033,0 15.3597,47.23027,0 15.35955,47.23025,0 15.35938,47.23025,0 15.35923,47.23017,0 15.35915,47.23021,0 15.35886,47.2302,0 15.35849,47.23006,0 15.35768,47.22996,0 15.35716,47.22988,0 15.35678,47.2298,0 15.3565,47.22969,0 15.35624,47.22961,0 15.35611,47.22952,0 15.35601,47.22945,0 15.35594,47.2294,0 15.35571,47.22939,0 15.35551,47.22941,0 15.35495,47.22931,0 15.35426,47.22907,0 15.35402,47.22908,0 15.35396,47.2291,0 15.35384,47.22909,0 15.35365,47.22906,0 15.35289,47.22903,0 15.3526,47.22898,0 15.35227,47.229,0 15.35198,47.22889,0 15.35186,47.22889,0 15.35179,47.22887,0 15.35162,47.22885,0 15.35149,47.22888,0 15.35146,47.22889,0 15.35116,47.22891,0 15.35101,47.22891,0 15.35079,47.2289,0 15.3506,47.22891,0 15.35027,47.22884,0 15.35006,47.22878,0 15.34954,47.22883,0 15.3494,47.22881,0 15.34926,47.22879,0 15.34904,47.22867,0 15.34892,47.22862,0 15.34876,47.22857,0 15.34855,47.22847,0 15.3484,47.22844,0 15.34823,47.22837,0 15.34773,47.22817,0 15.34763,47.22811,0 15.3475,47.22811,0 15.3473,47.22806,0 15.34703,47.2279,0 15.34689,47.22786,0 15.34683,47.22779,0 15.34669,47.22772,0 15.34659,47.22763,0 15.34652,47.22761,0 15.34628,47.22761,0 15.34619,47.22765,0 15.34601,47.22768,0 15.34577,47.22766,0 15.3456,47.22763,0 15.3453,47.22761,0 15.34517,47.22758,0 15.34494,47.22751,0 15.34483,47.22744,0 15.34463,47.22742,0 15.34423,47.22742,0 15.34391,47.22747,0 15.34321,47.22771,0 15.34302,47.22777,0 15.3429,47.22777,0 15.34264,47.22772,0 15.34229,47.22765,0 15.3422,47.22786,0 15.34213,47.22796,0 15.34189,47.22826,0 15.3414,47.22875,0 15.34149,47.22878,0 15.34122,47.22916,0 15.34118,47.22933,0 15.34113,47.22941,0 15.34101,47.22949,0 15.34089,47.22972,0 15.34031,47.23045,0 15.3401,47.23066,0 15.34,47.23075,0 15.33962,47.23104,0 15.33922,47.23134,0 15.33888,47.23158,0 15.33879,47.23165,0 15.33872,47.2317,0 15.33715,47.23288,0 15.33614,47.23362,0 15.3352,47.23429,0 15.33478,47.23454,0 15.33446,47.23474,0 15.33418,47.2349,0 15.3336,47.2352,0 15.33304,47.23546,0 15.33206,47.23585,0 15.33111,47.23618,0 15.33079,47.23631,0 15.33049,47.23645,0 15.33029,47.23656,0 15.33013,47.23667,0 15.3298,47.23694,0 15.32952,47.23721,0 15.32919,47.2376,0 15.32869,47.23814,0 15.32819,47.23864,0 15.32809,47.23865,0 15.32778,47.23895,0 15.32733,47.23926,0 15.32698,47.23947,0 15.32644,47.23979,0 15.32648,47.23984,0 15.32636,47.23991,0 15.32582,47.24022,0 15.32589,47.24022,0 15.32625,47.24001,0 15.32635,47.23999,0 15.32648,47.24,0 15.32658,47.24,0 15.32674,47.24008,0 15.32696,47.24033,0 15.32703,47.24046,0 15.32705,47.24051,0 15.32709,47.24063,0 15.32738,47.2409,0 15.32765,47.24115,0 15.32797,47.24151,0 15.32814,47.24185,0 15.32847,47.242,0 15.32866,47.24206,0 15.32874,47.24222,0 15.32894,47.24239,0 15.32908,47.24253,0 15.3293,47.24261,0 15.32949,47.24276,0 15.32987,47.24314,0 15.33013,47.24317,0 15.33031,47.24345,0 15.33044,47.24362,0 15.33066,47.24389,0 15.33184,47.24411,0 15.33198,47.24418,0 15.33216,47.24424,0 15.33235,47.2443,0 15.33248,47.24436,0 15.33237,47.24443,0 15.33219,47.2445,0 15.33198,47.24455,0 15.33156,47.2446,0 15.33139,47.24464,0 15.33129,47.24469,0 15.33136,47.24473,0 15.33112,47.24485,0 15.33101,47.24501,0 15.33105,47.24524,0 15.33115,47.24547,0 15.33135,47.24563,0 15.33148,47.24571,0 15.33148,47.24575,0 15.33109,47.24588,0 15.33069,47.24602,0 15.3303,47.24615,0 15.3299,47.24629,0 15.32951,47.24642,0 15.32945,47.24643,0 15.32956,47.24665,0 15.32965,47.24683,0 15.32982,47.24728,0 15.32988,47.24753,0 15.32985,47.24776,0 15.32985,47.24795,0 15.32999,47.24851,0 15.33016,47.24909,0 15.33038,47.24948,0 15.33067,47.24986,0 15.33108,47.25071,0 15.33123,47.25099,0 15.33164,47.25164,0 15.33196,47.25194,0 15.33199,47.25221,0 15.33205,47.25254,0 15.33204,47.25277,0 15.33197,47.25288,0 15.33183,47.25301,0 15.33155,47.25322,0 15.33131,47.25338,0 15.33122,47.25357,0 15.33067,47.2535,0 15.3304,47.25353,0 15.3301,47.2535,0 15.32988,47.25343,0 15.32976,47.25339,0 15.32937,47.25345,0 15.32916,47.25345,0 15.32884,47.25339,0 15.32858,47.25331,0 15.32835,47.25319,0 15.32823,47.25317,0 15.32807,47.25326,0 15.32777,47.25351,0 15.32723,47.25382,0 15.32702,47.25393,0 15.32681,47.25409,0 15.32667,47.25438,0 15.32671,47.25451,0 15.32691,47.25473,0 15.3271,47.25488,0 15.32739,47.25538,0 15.32784,47.25573,0 15.32816,47.25592,0 15.32814,47.25603,0 15.32799,47.25603,0 15.32783,47.25598,0 15.32751,47.25585,0 15.32723,47.25568,0 15.327,47.25552,0 15.32688,47.25545,0 15.32672,47.25538,0 15.32665,47.2554,0 15.32663,47.25545,0 15.32682,47.25587,0 15.32693,47.256,0 15.32714,47.25613,0 15.32723,47.25624,0 15.32758,47.25676,0 15.32796,47.25744,0 15.32799,47.25763,0 15.32793,47.2578,0 15.32787,47.25795,0 15.32751,47.25814,0 15.32755,47.25816,0 15.32758,47.25818,0 15.32771,47.25826,0 15.32774,47.25859,0 15.32748,47.25889,0 15.32738,47.25893,0 15.32722,47.25897,0 15.32689,47.25889,0 15.32644,47.25886,0 15.3259,47.25885,0 15.32561,47.25896,0 15.3252,47.25907,0 15.32466,47.25919,0 15.32437,47.25932,0 15.32372,47.25974,0 15.32344,47.26002,0 15.3229,47.26081,0 15.32256,47.26123,0 15.32236,47.26144,0 15.32201,47.26149,0 15.3219,47.26149,0 15.32186,47.26137,0 15.32179,47.26137,0 15.32192,47.26167,0 15.32189,47.26171,0 15.32187,47.26176,0 15.32186,47.26187,0 15.32193,47.26207,0 15.3219,47.26213,0 15.32161,47.2623,0 15.32147,47.26237,0 15.32129,47.26246,0 15.32123,47.26253,0 15.32125,47.26262,0 15.3213,47.26268,0 15.32146,47.26273,0 15.3216,47.26279,0 15.32193,47.26309,0 15.32208,47.26326,0 15.32261,47.26378,0 15.32262,47.26382,0 15.32257,47.26396,0 15.32258,47.26401,0 15.32261,47.26408,0 15.32274,47.26418,0 15.32289,47.2644,0 15.32312,47.26456,0 15.32345,47.26473,0 15.32372,47.26499,0 15.32394,47.26517,0 15.32418,47.26534,0 15.32453,47.26555,0 15.32468,47.26565,0 15.32519,47.26588,0 15.32535,47.26596,0 15.32546,47.26597,0 15.3258,47.2661,0 15.32599,47.2662,0 15.32609,47.26626,0 15.32606,47.26647,0 15.32608,47.26655,0 15.32615,47.26668,0 15.32637,47.26696,0 15.32642,47.26703,0 15.32646,47.26712,0 15.3264,47.26715,0 15.32637,47.26718,0 15.32634,47.26723,0 15.32632,47.26726,0 15.32629,47.26732,0 15.32628,47.26739,0 15.32628,47.26743,0 15.32631,47.26749,0 15.3263,47.26754,0 15.32628,47.26756,0 15.32622,47.26761,0 15.32585,47.26785,0 15.32551,47.26807,0 15.32545,47.26812,0 15.32534,47.26816,0 15.32541,47.2682,0 15.3253,47.26828,0 15.32514,47.26841,0 15.32498,47.26859,0 15.32475,47.26885,0</coordinates>
          </LineString>
        </Placemark>
        <Placemark>
          <name>Seg. 3 — 1.8 km (à pied)</name>
          <styleUrl>#route_p3</styleUrl>
          <LineString>
            <tessellate>1</tessellate>
            <coordinates>15.32475,47.26885,0 15.32448,47.26917,0 15.32441,47.26924,0 15.32436,47.26926,0 15.32431,47.26927,0 15.32425,47.26926,0 15.32399,47.2692,0 15.32398,47.26923,0 15.32355,47.26916,0 15.32314,47.26914,0 15.32298,47.26915,0 15.32279,47.26917,0 15.32254,47.26921,0 15.32224,47.26933,0 15.3222,47.26929,0 15.32214,47.26924,0 15.3221,47.26922,0 15.32201,47.26927,0 15.32194,47.26931,0 15.32196,47.26934,0 15.32196,47.2694,0 15.32193,47.26944,0 15.32186,47.26949,0 15.32174,47.2695,0 15.32153,47.26945,0 15.32151,47.26943,0 15.32143,47.26941,0 15.32138,47.26939,0 15.3209,47.26937,0 15.32083,47.26938,0 15.32081,47.26937,0 15.32076,47.26934,0 15.32072,47.26937,0 15.32069,47.26938,0 15.32063,47.26942,0 15.32041,47.26947,0 15.32026,47.26949,0 15.32019,47.26951,0 15.31866,47.26971,0 15.31853,47.26974,0 15.31816,47.26986,0 15.31811,47.26989,0 15.3179,47.27035,0 15.31748,47.27127,0 15.3174,47.27125,0 15.31739,47.27127,0 15.31738,47.27129,0 15.31698,47.27116,0 15.31689,47.27113,0 15.31681,47.27108,0 15.31633,47.27091,0 15.31626,47.27101,0 15.31609,47.27141,0 15.31603,47.27158,0 15.31603,47.2717,0 15.3161,47.27183,0 15.3162,47.27196,0 15.31619,47.27202,0 15.31616,47.2721,0 15.31601,47.27226,0 15.31581,47.27257,0 15.31578,47.27266,0 15.31576,47.27274,0 15.31578,47.27285,0 15.31595,47.27335,0 15.31598,47.27347,0 15.31595,47.2736,0 15.3159,47.27373,0 15.31564,47.27403,0 15.31552,47.27428,0 15.31541,47.27446,0 15.31532,47.27458,0 15.31522,47.27473,0 15.31526,47.27481,0 15.31548,47.27511,0 15.31546,47.27518,0 15.31541,47.27523,0 15.31532,47.27529,0 15.31512,47.27531,0 15.31505,47.2753,0 15.31494,47.27524,0 15.31488,47.27517,0 15.31482,47.27512,0 15.31468,47.2751,0 15.31456,47.27512,0 15.31446,47.27515,0 15.31433,47.27515,0 15.31414,47.27517,0 15.31396,47.27517,0 15.31377,47.27515,0 15.31363,47.2751,0 15.31348,47.27506,0 15.31334,47.27508,0 15.31327,47.27511,0 15.31331,47.27517,0 15.31344,47.27526,0 15.3136,47.27535,0 15.31384,47.27555,0 15.31393,47.27567,0 15.31394,47.27575,0 15.31386,47.27587,0 15.31367,47.27598,0 15.31351,47.27604,0 15.31336,47.27606,0 15.3131,47.27618,0 15.31286,47.27628,0 15.3127,47.27639,0 15.31256,47.27647,0</coordinates>
          </LineString>
        </Placemark>
        <Placemark>
          <name>Seg. 4 — 3.6 km (à pied)</name>
          <styleUrl>#route_p3</styleUrl>
          <LineString>
            <tessellate>1</tessellate>
            <coordinates>15.56115,47.23303,0 15.56087,47.23298,0 15.56057,47.23307,0 15.56023,47.23305,0 15.55907,47.23293,0 15.55881,47.23292,0 15.55856,47.2328,0 15.55812,47.23274,0 15.55805,47.23282,0 15.558,47.23317,0 15.55791,47.23358,0 15.55765,47.23396,0 15.55745,47.23424,0 15.55739,47.23457,0 15.55699,47.23512,0 15.55694,47.23514,0 15.55692,47.23518,0 15.55686,47.23519,0 15.55682,47.23522,0 15.55661,47.23515,0 15.55646,47.23511,0 15.55637,47.23525,0 15.55588,47.23546,0 15.55567,47.23558,0 15.55542,47.23564,0 15.55531,47.23565,0 15.55515,47.23555,0 15.55478,47.23548,0 15.55468,47.2355,0 15.55455,47.23549,0 15.55441,47.2355,0 15.55427,47.2355,0 15.55421,47.23551,0 15.55406,47.23549,0 15.55385,47.23545,0 15.55371,47.23541,0 15.55353,47.23537,0 15.55343,47.23533,0 15.55334,47.23532,0 15.55333,47.23531,0 15.5533,47.2353,0 15.55325,47.23524,0 15.55317,47.23523,0 15.55299,47.23513,0 15.55294,47.23508,0 15.55278,47.23504,0 15.5527,47.23498,0 15.55253,47.23494,0 15.55201,47.23486,0 15.5518,47.23486,0 15.55168,47.23492,0 15.55158,47.23501,0 15.55146,47.23509,0 15.55141,47.23519,0 15.55139,47.23531,0 15.55138,47.23542,0 15.55144,47.23547,0 15.55142,47.23554,0 15.55136,47.23555,0 15.55127,47.23554,0 15.5512,47.23556,0 15.55111,47.23553,0 15.55097,47.23566,0 15.55089,47.23573,0 15.55081,47.23574,0 15.54997,47.23578,0 15.54989,47.23585,0 15.54995,47.23603,0 15.55004,47.23647,0 15.55,47.23676,0 15.54986,47.237,0 15.54967,47.23728,0 15.54917,47.23771,0 15.54889,47.2377,0 15.54845,47.23764,0 15.54779,47.23782,0 15.54761,47.23783,0 15.54743,47.23783,0 15.54724,47.23788,0 15.5471,47.23803,0 15.5472,47.23833,0 15.54733,47.23859,0 15.54747,47.23885,0 15.54772,47.23909,0 15.54798,47.23929,0 15.54813,47.23938,0 15.54815,47.23953,0 15.54811,47.23959,0 15.54805,47.23963,0 15.5478,47.23974,0 15.54754,47.23981,0 15.54733,47.23976,0 15.54702,47.23976,0 15.54655,47.23984,0 15.54628,47.23996,0 15.54599,47.24003,0 15.54552,47.24015,0 15.54518,47.24023,0 15.54499,47.24042,0 15.54493,47.24058,0 15.54488,47.24082,0 15.54477,47.24094,0 15.54455,47.24106,0 15.54431,47.24115,0 15.5441,47.24118,0 15.54382,47.24115,0 15.54358,47.24097,0 15.54349,47.24083,0 15.54343,47.24075,0 15.54341,47.24068,0 15.54332,47.2406,0 15.54313,47.24056,0 15.54293,47.24055,0 15.54283,47.24058,0 15.54278,47.24065,0 15.54284,47.24075,0 15.54289,47.24087,0 15.54289,47.24101,0 15.54282,47.24102,0 15.54249,47.24103,0 15.54231,47.24115,0 15.54224,47.24123,0 15.54216,47.24125,0 15.54208,47.24129,0 15.54202,47.24136,0 15.54202,47.24147,0 15.54205,47.24147,0 15.54205,47.24148,0 15.54196,47.24149,0 15.54144,47.24159,0 15.54076,47.24158,0 15.5405,47.24159,0 15.54029,47.24162,0 15.53941,47.2418,0 15.53854,47.24194,0 15.53826,47.24198,0 15.53802,47.24202,0 15.53786,47.24204,0 15.53766,47.24208,0 15.53753,47.2421,0 15.53742,47.24211,0 15.53676,47.24224,0 15.53639,47.24232,0 15.53591,47.24246,0 15.53515,47.24254,0 15.53485,47.24248,0 15.53465,47.24247,0 15.53435,47.24248,0 15.5341,47.24252,0 15.53367,47.24255,0 15.53345,47.24254,0 15.53314,47.24257,0 15.53272,47.2426,0 15.53213,47.24262,0 15.53197,47.24263,0 15.53134,47.24282,0 15.5309,47.24295,0 15.53023,47.24323,0 15.52986,47.24343,0 15.5297,47.24349,0 15.52963,47.24356,0 15.52959,47.24365,0 15.52939,47.2439,0 15.52934,47.24405,0 15.52924,47.24427,0 15.5293,47.24436,0 15.52934,47.2445,0 15.52936,47.24468,0 15.52935,47.24477,0 15.52926,47.24478,0 15.5292,47.24479,0</coordinates>
          </LineString>
        </Placemark>
      </Folder>
      <Folder>
        <name>IV — Les Abreuvoirs</name>
        <open>0</open>
        <Placemark>
          <name>Seg. 1 — 23.9 km (à pied)</name>
          <styleUrl>#route_p4</styleUrl>
          <LineString>
            <tessellate>1</tessellate>
            <coordinates>15.31256,47.27647,0 15.31244,47.27661,0 15.31227,47.27649,0 15.3121,47.27631,0 15.31201,47.27619,0 15.31169,47.27587,0 15.31107,47.27537,0 15.31084,47.2753,0 15.31023,47.27505,0 15.30983,47.27483,0 15.30959,47.27468,0 15.30936,47.27457,0 15.30895,47.27441,0 15.30871,47.27429,0 15.30862,47.27425,0 15.3084,47.27394,0 15.30822,47.27379,0 15.30793,47.27341,0 15.30778,47.27325,0 15.30767,47.27316,0 15.30751,47.27293,0 15.30733,47.27271,0 15.30705,47.27245,0 15.30684,47.2723,0 15.30666,47.27216,0 15.30662,47.2722,0 15.30652,47.27218,0 15.30599,47.27201,0 15.30523,47.27161,0 15.30406,47.27114,0 15.30357,47.27098,0 15.30286,47.27075,0 15.30258,47.27064,0 15.30142,47.26995,0 15.30132,47.26981,0 15.30116,47.26939,0 15.301,47.26926,0 15.30086,47.26919,0 15.30034,47.26895,0 15.30021,47.26889,0 15.29932,47.26834,0 15.29889,47.26772,0 15.29863,47.26762,0 15.29848,47.26758,0 15.29836,47.26757,0 15.29815,47.26762,0 15.29802,47.2676,0 15.29758,47.26741,0 15.2975,47.26733,0 15.29743,47.26717,0 15.29738,47.26704,0 15.29732,47.26696,0 15.29726,47.26691,0 15.2972,47.26676,0 15.2972,47.26666,0 15.29726,47.26612,0 15.29724,47.26604,0 15.29708,47.26558,0 15.29715,47.26534,0 15.29803,47.26516,0 15.29882,47.26491,0 15.29912,47.26468,0 15.29916,47.26455,0 15.29916,47.26438,0 15.29906,47.26412,0 15.29866,47.26332,0 15.29809,47.26291,0 15.29782,47.26269,0 15.29771,47.26258,0 15.2975,47.26214,0 15.29764,47.26194,0 15.29784,47.26178,0 15.29812,47.26148,0 15.29824,47.26129,0 15.29834,47.26102,0 15.29836,47.2605,0 15.29831,47.26022,0 15.2983,47.25938,0 15.29842,47.25882,0 15.29837,47.2586,0 15.2982,47.25869,0 15.29801,47.2588,0 15.29758,47.25901,0 15.2973,47.25907,0 15.29596,47.25913,0 15.29539,47.25926,0 15.29501,47.25932,0 15.29453,47.25934,0 15.29398,47.25951,0 15.29367,47.25955,0 15.29306,47.25944,0 15.29266,47.25926,0 15.29194,47.259,0 15.29165,47.25896,0 15.29143,47.2589,0 15.29104,47.2585,0 15.29068,47.25809,0 15.29037,47.25763,0 15.29019,47.2574,0 15.28999,47.25722,0 15.28991,47.25716,0 15.28969,47.25711,0 15.28951,47.25706,0 15.28933,47.25705,0 15.28882,47.25707,0 15.28837,47.25714,0 15.28804,47.25724,0 15.28795,47.25729,0 15.28779,47.25731,0 15.28733,47.25738,0 15.28652,47.25741,0 15.28626,47.25739,0 15.286,47.25736,0 15.28566,47.25733,0 15.28538,47.25728,0 15.28503,47.25724,0 15.28483,47.25722,0 15.28455,47.25715,0 15.28423,47.25713,0 15.28386,47.25714,0 15.2836,47.2572,0 15.28329,47.25713,0 15.28263,47.25684,0 15.28202,47.25666,0 15.28171,47.25659,0 15.28154,47.25657,0 15.2813,47.25654,0 15.28094,47.25651,0 15.28083,47.25639,0 15.28073,47.25612,0 15.28069,47.25601,0 15.28055,47.25585,0 15.28026,47.25561,0 15.28012,47.25558,0 15.27967,47.25546,0 15.27896,47.25535,0 15.27854,47.25535,0 15.27823,47.2554,0 15.27748,47.25563,0 15.27702,47.25567,0 15.27676,47.2556,0 15.27637,47.25522,0 15.2758,47.25482,0 15.27515,47.25469,0 15.27432,47.25442,0 15.27348,47.25424,0 15.27274,47.25418,0 15.2717,47.25427,0 15.27071,47.25451,0 15.27008,47.25481,0 15.26966,47.25498,0 15.26962,47.2551,0 15.26919,47.25526,0 15.26878,47.25554,0 15.26817,47.25589,0 15.2678,47.25606,0 15.26748,47.25609,0 15.26693,47.25596,0 15.2664,47.25583,0 15.26619,47.25576,0 15.26611,47.25571,0 15.26564,47.25558,0 15.26502,47.2555,0 15.26378,47.25556,0 15.26361,47.25554,0 15.26335,47.25548,0 15.26309,47.25542,0 15.2629,47.25534,0 15.26255,47.25514,0 15.26224,47.25498,0 15.26178,47.25474,0 15.26164,47.25466,0 15.26159,47.2546,0 15.26131,47.25469,0 15.25973,47.25492,0 15.25913,47.25498,0 15.25815,47.25508,0 15.2579,47.25513,0 15.25718,47.25535,0 15.25695,47.25538,0 15.25607,47.25537,0 15.25573,47.25529,0 15.25502,47.25519,0 15.25447,47.25514,0 15.25382,47.25494,0 15.25307,47.25457,0 15.25289,47.2545,0 15.25283,47.25448,0 15.2525,47.25442,0 15.25224,47.25435,0 15.25166,47.25427,0 15.25133,47.25413,0 15.25106,47.25408,0 15.25095,47.25405,0 15.25072,47.25399,0 15.25008,47.2539,0 15.24973,47.25375,0 15.24918,47.25369,0 15.24901,47.2537,0 15.24882,47.25377,0 15.24866,47.25377,0 15.24855,47.25377,0 15.24837,47.2537,0 15.24801,47.25362,0 15.24777,47.25361,0 15.24739,47.25364,0 15.24726,47.25366,0 15.24708,47.25373,0 15.24694,47.25378,0 15.24698,47.25388,0 15.24699,47.25396,0 15.24697,47.25406,0 15.2469,47.25416,0 15.24678,47.25425,0 15.24652,47.2544,0 15.24643,47.25447,0 15.2463,47.25457,0 15.2462,47.25465,0 15.24614,47.25467,0 15.24592,47.25471,0 15.24568,47.25471,0 15.24549,47.25469,0 15.24532,47.25471,0 15.2452,47.25476,0 15.24489,47.25494,0 15.24485,47.25498,0 15.24483,47.25506,0 15.24485,47.25508,0 15.24488,47.25509,0 15.24498,47.25512,0 15.24515,47.25517,0 15.24523,47.25522,0 15.24527,47.25529,0 15.24527,47.25536,0 15.24522,47.25547,0 15.2451,47.25544,0 15.24503,47.25544,0 15.24489,47.25545,0 15.24454,47.25555,0 15.2443,47.25557,0 15.24416,47.25558,0 15.24401,47.25558,0 15.24385,47.25555,0 15.24351,47.25544,0 15.24334,47.25543,0 15.2432,47.25542,0 15.24283,47.25541,0 15.24231,47.25535,0 15.24161,47.25529,0 15.24107,47.25517,0 15.24038,47.255,0 15.23978,47.25482,0 15.2395,47.25473,0 15.2394,47.2547,0 15.2393,47.25471,0 15.23922,47.25474,0 15.23919,47.25479,0 15.23919,47.25485,0 15.23924,47.25496,0 15.23935,47.25509,0 15.23956,47.25511,0 15.23967,47.25513,0 15.23975,47.25516,0 15.23966,47.25523,0 15.23965,47.25526,0 15.23979,47.25534,0 15.24056,47.25598,0 15.24081,47.25636,0 15.24106,47.25666,0 15.24124,47.25693,0 15.24138,47.25703,0 15.24157,47.25711,0 15.24177,47.25726,0 15.24187,47.2574,0 15.24193,47.25766,0 15.24207,47.25782,0 15.24208,47.25798,0 15.242,47.25817,0 15.24196,47.25832,0 15.24201,47.25846,0 15.24211,47.25865,0 15.24197,47.25881,0 15.24186,47.25903,0 15.24148,47.25943,0 15.23932,47.26049,0 15.23799,47.26107,0 15.23616,47.2615,0 15.23604,47.26159,0 15.23581,47.26154,0 15.23504,47.26117,0 15.23468,47.26097,0 15.23439,47.26075,0 15.2341,47.26061,0 15.23367,47.26059,0 15.2334,47.26069,0 15.23334,47.26084,0 15.23345,47.26102,0 15.23363,47.26117,0 15.23367,47.26125,0 15.23367,47.26129,0 15.23363,47.26149,0 15.23368,47.26155,0 15.23369,47.26162,0 15.23364,47.2618,0 15.23349,47.26218,0 15.2334,47.26258,0 15.23327,47.26322,0 15.23318,47.26349,0 15.2329,47.26374,0 15.23244,47.2642,0 15.23218,47.26442,0 15.23183,47.26459,0 15.23096,47.2649,0 15.23054,47.26518,0 15.23029,47.26531,0 15.23004,47.26539,0 15.22978,47.26539,0 15.22952,47.26542,0 15.22899,47.26573,0 15.22879,47.26583,0 15.22813,47.26622,0 15.22771,47.2664,0 15.2272,47.26655,0 15.22681,47.26665,0 15.22636,47.26668,0 15.22622,47.26685,0 15.2262,47.26689,0 15.22601,47.26683,0 15.22596,47.26683,0 15.22587,47.26683,0 15.22576,47.26686,0 15.22565,47.2669,0 15.22555,47.26697,0 15.22547,47.26703,0 15.22537,47.26712,0 15.22479,47.26715,0 15.22457,47.2671,0 15.22429,47.26709,0 15.22386,47.26712,0 15.22352,47.26711,0 15.22264,47.26701,0 15.22215,47.2669,0 15.22169,47.26681,0 15.22116,47.26674,0 15.22042,47.26672,0 15.2203,47.26669,0 15.22017,47.26659,0 15.22002,47.26642,0 15.21979,47.26625,0 15.21923,47.26589,0 15.21904,47.26574,0 15.21887,47.26563,0 15.2185,47.26548,0 15.21817,47.2654,0 15.21731,47.26524,0 15.21682,47.26517,0 15.2161,47.26517,0 15.21564,47.26508,0 15.21537,47.26505,0 15.21504,47.26508,0 15.21371,47.26516,0 15.21324,47.26515,0 15.21298,47.26516,0 15.21285,47.26516,0 15.21269,47.26513,0 15.21108,47.26498,0 15.21098,47.26499,0 15.2109,47.26503,0 15.21076,47.26499,0 15.21073,47.26496,0 15.21039,47.265,0 15.20935,47.26497,0 15.20817,47.26521,0 15.20752,47.2653,0 15.2072,47.26526,0 15.20654,47.26501,0 15.20529,47.26483,0 15.20499,47.26484,0 15.20462,47.26472,0 15.2037,47.26428,0 15.20346,47.26425,0 15.20287,47.26437,0 15.20225,47.26444,0 15.20176,47.26456,0 15.20127,47.26461,0 15.2006,47.26477,0 15.20017,47.26486,0 15.19987,47.26484,0 15.19947,47.26475,0 15.19918,47.26466,0 15.19901,47.26511,0 15.19892,47.26536,0 15.19887,47.26567,0 15.19888,47.26586,0 15.19895,47.26646,0 15.19894,47.26654,0 15.19886,47.26663,0 15.19885,47.26669,0 15.19878,47.26676,0 15.19865,47.2668,0 15.1983,47.26686,0 15.19804,47.26695,0 15.19794,47.26696,0 15.19776,47.26693,0 15.19724,47.26684,0 15.19674,47.26689,0 15.19609,47.2668,0 15.19521,47.26691,0 15.19426,47.26707,0 15.19406,47.26712,0 15.19387,47.2672,0 15.19344,47.26748,0 15.19301,47.26784,0 15.19292,47.26785,0 15.1928,47.26784,0 15.19241,47.26772,0 15.19229,47.26772,0 15.19214,47.26776,0 15.19163,47.268,0 15.19151,47.26804,0 15.19136,47.26804,0 15.19064,47.26788,0 15.18989,47.26765,0 15.18977,47.26764,0 15.18966,47.26767,0 15.18955,47.26777,0 15.1891,47.26822,0 15.18876,47.26858,0 15.18862,47.26869,0 15.18835,47.26881,0 15.18809,47.26902,0 15.18779,47.26912,0 15.18743,47.26912,0 15.18702,47.26919,0 15.18661,47.26924,0 15.18617,47.26921,0 15.18595,47.26924,0 15.18571,47.26929,0 15.18549,47.26941,0 15.18512,47.26954,0 15.18455,47.26966,0 15.18381,47.26986,0 15.18351,47.26997,0 15.183,47.27026,0 15.18274,47.27051,0 15.18243,47.2711,0 15.18234,47.2712,0 15.18221,47.27129,0 15.18194,47.2714,0 15.18168,47.27148,0 15.18129,47.27155,0 15.18104,47.27161,0 15.18036,47.27175,0 15.18005,47.27191,0 15.17981,47.27192,0 15.17963,47.27202,0 15.17916,47.27224,0 15.17885,47.27229,0 15.17848,47.2723,0 15.17804,47.27221,0 15.17776,47.2722,0 15.17763,47.27239,0 15.17734,47.2731,0 15.17703,47.27399,0 15.17693,47.2747,0 15.17688,47.27473,0 15.17683,47.27488,0 15.17675,47.27519,0 15.17666,47.27529,0 15.17657,47.27538,0 15.17641,47.27548,0 15.17619,47.27556,0 15.17536,47.27564,0 15.17434,47.27568,0 15.17379,47.27596,0 15.17306,47.27624,0 15.17256,47.27636,0 15.17207,47.2764,0 15.17079,47.27637,0 15.17021,47.27637,0 15.16996,47.27642,0 15.16957,47.27652,0 15.16944,47.27651,0 15.16919,47.27628,0 15.16906,47.27611,0 15.16869,47.27575,0 15.16796,47.275,0 15.16753,47.27487,0 15.16698,47.27489,0 15.16662,47.27488,0 15.16639,47.27486,0 15.16587,47.27474,0 15.16558,47.27469,0 15.16545,47.27463,0 15.16531,47.27467,0 15.16515,47.27472,0 15.16485,47.2749,0 15.16466,47.27511,0 15.1645,47.27537,0 15.16427,47.27598,0 15.16369,47.27708,0 15.16362,47.27742,0 15.16354,47.27751,0 15.1631,47.27766,0 15.16305,47.27768,0 15.16249,47.27801,0 15.16215,47.27839,0 15.16204,47.27864,0 15.16103,47.27891,0 15.16043,47.27916,0 15.16007,47.27944,0 15.15998,47.27944,0 15.15977,47.27932,0 15.15955,47.2793,0 15.15908,47.27939,0 15.15879,47.2793,0 15.15866,47.27909,0 15.1582,47.27867,0 15.15785,47.27796,0 15.15786,47.27754,0 15.15797,47.27703,0 15.15804,47.27678,0 15.15797,47.27666,0 15.15787,47.27658,0 15.15769,47.27651,0 15.15737,47.27641,0 15.15676,47.2763,0 15.15617,47.276,0 15.15557,47.27558,0 15.15546,47.2755,0 15.15533,47.27538,0 15.15524,47.27531,0 15.15511,47.27524,0 15.15496,47.27518,0 15.15484,47.27512,0 15.15477,47.27511,0 15.15447,47.27515,0 15.15433,47.27518,0 15.15362,47.27538,0 15.15249,47.27567,0 15.15177,47.27587,0 15.15167,47.27592,0 15.15145,47.27609,0 15.15129,47.27627,0 15.15082,47.27684,0 15.15048,47.27717,0 15.15029,47.27739,0 15.15028,47.27748,0 15.15024,47.27763,0 15.15017,47.2777,0 15.15001,47.27774,0 15.14989,47.2777,0 15.14965,47.27759,0 15.14939,47.27759,0 15.1491,47.27763,0 15.14897,47.27753,0 15.14882,47.27743,0 15.14848,47.27733,0 15.148,47.27734,0 15.14733,47.27672,0 15.14704,47.27655,0 15.1467,47.27643,0 15.14659,47.27643,0 15.14603,47.27654,0 15.14558,47.27662,0 15.14494,47.27678,0 15.14473,47.27679,0 15.14437,47.27613,0 15.14395,47.27549,0 15.14341,47.27506,0 15.14301,47.27494,0 15.14241,47.275,0 15.1419,47.2751,0 15.14167,47.2751,0 15.14162,47.2749,0 15.14149,47.27461,0 15.14116,47.27452,0 15.14069,47.2745,0 15.14025,47.2745,0 15.14024,47.27432,0 15.14091,47.2731,0 15.14105,47.27213,0 15.14147,47.2713,0 15.14217,47.27014,0 15.14235,47.26917,0 15.14245,47.26844,0 15.14225,47.26842,0 15.1419,47.26846,0 15.14143,47.26854,0 15.14037,47.26878,0 15.13974,47.26936,0 15.13917,47.26955,0 15.13883,47.26967,0 15.13841,47.27014,0 15.1382,47.27041,0 15.13808,47.27073,0 15.13774,47.27148,0 15.13759,47.27168,0 15.1374,47.27202,0 15.13733,47.27208,0 15.13722,47.27209,0 15.13709,47.2721,0 15.13691,47.27214,0 15.1368,47.27211,0 15.13661,47.27198,0 15.13638,47.27191,0 15.13616,47.27186,0 15.13561,47.27178,0 15.13522,47.27169,0 15.13465,47.27145,0 15.13418,47.27125,0 15.13403,47.27118,0 15.13382,47.27117,0 15.13365,47.27119,0 15.13348,47.27126,0 15.13336,47.27136,0 15.13331,47.27157,0 15.13331,47.27193,0 15.13318,47.27218,0 15.13302,47.27247,0 15.13288,47.27258,0 15.13247,47.27248,0 15.13217,47.27247,0 15.13195,47.27251,0 15.13183,47.27256,0 15.13122,47.27292,0 15.131,47.27302,0 15.13087,47.27306,0 15.13072,47.27306,0 15.13052,47.27301,0 15.13022,47.27279,0 15.12999,47.27255,0 15.12962,47.27228,0 15.12936,47.27217,0 15.12899,47.27209,0 15.12854,47.27207,0 15.12845,47.27204,0 15.12846,47.27153,0 15.12842,47.27132,0 15.1283,47.27093,0 15.12811,47.27058,0 15.12792,47.27039,0 15.12764,47.27022,0 15.12723,47.27012,0 15.12636,47.27002,0 15.12623,47.26999,0 15.12619,47.26961,0 15.12622,47.26861,0 15.12616,47.26838,0 15.12608,47.26821,0 15.12592,47.26811,0 15.12537,47.26802,0 15.12482,47.26801,0 15.12404,47.26784,0 15.12376,47.26786,0 15.12331,47.26799,0 15.12281,47.26783,0 15.12215,47.26766,0 15.12164,47.26723,0 15.12121,47.26704,0 15.12051,47.26702,0 15.12002,47.26705,0 15.11927,47.26701,0 15.11918,47.26699,0 15.11908,47.26696,0 15.11904,47.26697,0 15.11901,47.267,0 15.11893,47.26704,0 15.11857,47.26678,0 15.11842,47.26669,0 15.11823,47.26661,0 15.11819,47.26655,0 15.11812,47.26652,0 15.11802,47.26635,0 15.1179,47.26633,0 15.11765,47.26598,0 15.11762,47.26586,0 15.1174,47.26564,0 15.11729,47.26562,0 15.11728,47.26558,0 15.11715,47.26558,0 15.11714,47.26555,0 15.11704,47.26555,0 15.11703,47.2655,0 15.11697,47.26543,0 15.11673,47.26538,0 15.11662,47.26537,0 15.11631,47.26525,0 15.11629,47.2652,0 15.11621,47.26516,0 15.11612,47.26507,0 15.11582,47.26494,0 15.11561,47.26486,0 15.11519,47.26476,0 15.11513,47.2647,0 15.11502,47.26469,0 15.11497,47.2647,0 15.11492,47.26466,0 15.11471,47.26469,0 15.11454,47.26465,0 15.1143,47.26465,0 15.11424,47.26461,0 15.11375,47.26461,0 15.1135,47.26452,0 15.11336,47.26448,0 15.11327,47.26451,0 15.11312,47.26449,0 15.11297,47.26444,0 15.11287,47.26439,0 15.11267,47.26434,0 15.11257,47.26428,0 15.11251,47.26427,0 15.11242,47.26422,0 15.11236,47.26421,0 15.1115,47.26386,0 15.11097,47.2637,0 15.11052,47.2636,0 15.1103,47.26356,0 15.11001,47.26349,0 15.10932,47.26352,0 15.10913,47.26354,0 15.10901,47.26351,0 15.10883,47.26351,0 15.10872,47.26349,0 15.10864,47.2635,0 15.10854,47.26349,0 15.10853,47.26353,0 15.10824,47.26356,0 15.10807,47.26352,0 15.10784,47.26353,0 15.10763,47.26351,0 15.1074,47.26346,0 15.10726,47.26339,0 15.10678,47.26326,0 15.10637,47.26316,0 15.106,47.263,0 15.10494,47.26243,0 15.10457,47.26221,0 15.10443,47.26217,0 15.10427,47.26209,0 15.104,47.26194,0 15.10389,47.26188,0 15.10376,47.26181,0 15.10359,47.26174,0 15.10354,47.26171,0 15.10345,47.26168,0 15.1031,47.26163,0 15.10286,47.26163,0 15.10267,47.2616,0 15.10239,47.26159,0 15.10208,47.26155,0 15.10195,47.26156,0 15.10175,47.26155,0 15.10146,47.26154,0 15.1013,47.26152,0 15.10087,47.26151,0 15.10064,47.26148,0 15.10044,47.26146,0 15.10032,47.26148,0 15.1002,47.26149,0 15.10006,47.2615,0 15.09991,47.26151,0 15.09974,47.26153,0 15.09951,47.2615,0 15.09938,47.26151,0 15.09928,47.26149,0 15.09918,47.2615,0 15.09903,47.26148,0 15.09889,47.26149,0 15.09865,47.26146,0 15.09854,47.26146,0 15.09845,47.26144,0</coordinates>
          </LineString>
        </Placemark>
        <Placemark>
          <name>Seg. 2 — 19.3 km (à pied)</name>
          <styleUrl>#route_p4</styleUrl>
          <LineString>
            <tessellate>1</tessellate>
            <coordinates>15.09845,47.26144,0 15.09833,47.26143,0 15.09817,47.26143,0 15.09803,47.26142,0 15.09794,47.26125,0 15.09773,47.26096,0 15.09747,47.26067,0 15.09736,47.26051,0 15.09724,47.26042,0 15.09716,47.26024,0 15.09694,47.26003,0 15.09684,47.25991,0 15.09671,47.25983,0 15.09627,47.25942,0 15.0961,47.2593,0 15.09584,47.25896,0 15.0957,47.25879,0 15.09553,47.25865,0 15.09531,47.25833,0 15.09477,47.25768,0 15.09456,47.25752,0 15.09427,47.25722,0 15.09422,47.2571,0 15.09416,47.25706,0 15.09402,47.25686,0 15.09384,47.25666,0 15.09356,47.25624,0 15.09344,47.25607,0 15.09296,47.25572,0 15.09235,47.25518,0 15.09176,47.25458,0 15.09137,47.25415,0 15.09121,47.25391,0 15.09102,47.25336,0 15.09095,47.25306,0 15.09093,47.2529,0 15.09074,47.25271,0 15.0906,47.25269,0 15.09063,47.25254,0 15.09061,47.25244,0 15.09038,47.25225,0 15.09039,47.25217,0 15.09029,47.25212,0 15.09019,47.2521,0 15.09006,47.25196,0 15.08991,47.25157,0 15.08995,47.25148,0 15.08972,47.2511,0 15.08978,47.25096,0 15.08971,47.25088,0 15.08971,47.25068,0 15.08969,47.25059,0 15.08955,47.25046,0 15.08953,47.25035,0 15.0894,47.25033,0 15.08927,47.25022,0 15.08921,47.25021,0 15.08916,47.25012,0 15.08914,47.25003,0 15.089,47.24988,0 15.08893,47.24985,0 15.08882,47.24969,0 15.08881,47.24952,0 15.08851,47.24922,0 15.08839,47.24904,0 15.08806,47.24876,0 15.08772,47.24851,0 15.08674,47.24797,0 15.08601,47.2475,0 15.08569,47.24706,0 15.08544,47.24664,0 15.08526,47.24617,0 15.08524,47.24608,0 15.08512,47.24578,0 15.08496,47.24545,0 15.08478,47.24521,0 15.08438,47.24426,0 15.08387,47.24318,0 15.0837,47.24296,0 15.08324,47.24263,0 15.08233,47.24203,0 15.08196,47.2418,0 15.08121,47.24152,0 15.08053,47.24124,0 15.0796,47.24097,0 15.07909,47.24062,0 15.07867,47.24025,0 15.07792,47.23979,0 15.07764,47.23974,0 15.07713,47.23949,0 15.07694,47.23944,0 15.07666,47.23939,0 15.07644,47.2394,0 15.07564,47.23935,0 15.07489,47.23941,0 15.07445,47.23949,0 15.07409,47.23961,0 15.07351,47.23969,0 15.07254,47.23985,0 15.07236,47.23988,0 15.07158,47.24022,0 15.07109,47.24037,0 15.07054,47.24052,0 15.06822,47.24082,0 15.06703,47.24095,0 15.06596,47.24109,0 15.06561,47.24042,0 15.065,47.23906,0 15.06509,47.23893,0 15.06479,47.23848,0 15.06465,47.23821,0 15.06458,47.23795,0 15.0646,47.23779,0 15.06451,47.23727,0 15.06439,47.23691,0 15.06428,47.2367,0 15.06424,47.23611,0 15.06382,47.23546,0 15.06371,47.23517,0 15.06355,47.23468,0 15.06315,47.23429,0 15.06305,47.23401,0 15.06284,47.23367,0 15.06244,47.23309,0 15.06226,47.23284,0 15.06203,47.23276,0 15.06156,47.23246,0 15.06123,47.23224,0 15.06097,47.23216,0 15.06085,47.23207,0 15.06086,47.23193,0 15.06092,47.23182,0 15.06096,47.23165,0 15.06095,47.23136,0 15.06053,47.23105,0 15.06017,47.23079,0 15.05974,47.23052,0 15.05861,47.22993,0 15.05772,47.22938,0 15.05707,47.22903,0 15.05676,47.22889,0 15.05649,47.22866,0 15.05626,47.22859,0 15.05565,47.22838,0 15.05489,47.22833,0 15.0538,47.22853,0 15.05342,47.22856,0 15.05243,47.22849,0 15.05129,47.22825,0 15.05071,47.22806,0 15.05023,47.22789,0 15.04981,47.22768,0 15.04936,47.22739,0 15.04908,47.22734,0 15.04887,47.22724,0 15.04869,47.22722,0 15.04852,47.22711,0 15.04804,47.22716,0 15.04752,47.22726,0 15.04689,47.22731,0 15.04616,47.22739,0 15.04553,47.22751,0 15.04475,47.22769,0 15.04404,47.2278,0 15.04339,47.22793,0 15.04273,47.22814,0 15.04187,47.22854,0 15.04114,47.22897,0 15.0405,47.22938,0 15.04023,47.22959,0 15.03993,47.22978,0 15.03973,47.22993,0 15.03926,47.2304,0 15.03905,47.23067,0 15.03896,47.23092,0 15.03886,47.23106,0 15.03879,47.23124,0 15.03873,47.23136,0 15.03868,47.23152,0 15.03866,47.23163,0 15.03865,47.23178,0 15.0386,47.23198,0 15.03857,47.23226,0 15.03858,47.23241,0 15.03857,47.23262,0 15.03855,47.23278,0 15.03859,47.23296,0 15.03854,47.23318,0 15.03848,47.23346,0 15.03843,47.2336,0 15.03837,47.23369,0 15.03835,47.23378,0 15.03825,47.23384,0 15.03811,47.23396,0 15.03813,47.23401,0 15.03791,47.23416,0 15.03789,47.23422,0 15.03796,47.23426,0 15.03791,47.23436,0 15.03773,47.23444,0 15.03751,47.23469,0 15.03739,47.23515,0 15.03725,47.23553,0 15.03701,47.23597,0 15.03681,47.23618,0 15.03651,47.23641,0 15.03633,47.23669,0 15.03604,47.23696,0 15.03534,47.23751,0 15.03507,47.23777,0 15.03456,47.23812,0 15.03402,47.23839,0 15.03363,47.23846,0 15.03296,47.23862,0 15.03251,47.23874,0 15.0324,47.23883,0 15.03223,47.23885,0 15.03185,47.23905,0 15.03116,47.23916,0 15.03063,47.23922,0 15.03016,47.23908,0 15.02962,47.23914,0 15.02914,47.23935,0 15.02875,47.23953,0 15.02854,47.23955,0 15.02797,47.23962,0 15.02784,47.23981,0 15.0277,47.23987,0 15.02526,47.23973,0 15.02487,47.23971,0 15.0243,47.23976,0 15.02353,47.23988,0 15.02267,47.23993,0 15.02192,47.23999,0 15.02154,47.24003,0 15.02082,47.24023,0 15.02007,47.2404,0 15.01875,47.24055,0 15.01844,47.24013,0 15.01849,47.2401,0 15.01851,47.24006,0 15.01848,47.24002,0 15.01782,47.23992,0 15.01743,47.23986,0 15.01679,47.23964,0 15.01626,47.23935,0 15.0155,47.23912,0 15.01528,47.23904,0 15.01489,47.23883,0 15.01405,47.23819,0 15.01349,47.2377,0 15.01323,47.23717,0 15.0129,47.23703,0 15.01265,47.23692,0 15.01197,47.23647,0 15.01193,47.23621,0 15.01145,47.23603,0 15.01085,47.23597,0 15.00936,47.23524,0 15.00916,47.23512,0 15.00878,47.23489,0 15.00852,47.23468,0 15.00769,47.23411,0 15.00752,47.23416,0 15.00739,47.23421,0 15.00728,47.23423,0 15.00712,47.23424,0 15.00694,47.23423,0 15.00676,47.23421,0 15.00654,47.23418,0 15.00595,47.23405,0 15.00574,47.23397,0 15.0055,47.23388,0 15.00536,47.23382,0 15.00469,47.23371,0 15.00429,47.23363,0 15.00402,47.2336,0 15.00382,47.2336,0 15.00364,47.23363,0 15.00333,47.23371,0 15.00324,47.23369,0 15.00317,47.23367,0 15.00304,47.23369,0 15.00264,47.23383,0 15.00233,47.23405,0 15.00221,47.23415,0 15.00197,47.23438,0 15.00178,47.23455,0 15.00165,47.23465,0 15.00152,47.23478,0 15.00139,47.23499,0 15.00121,47.23521,0 15.00107,47.23536,0 15.00084,47.23555,0 15.00051,47.23578,0 15.00027,47.23601,0 15.0002,47.23609,0 15.00004,47.23642,0 14.99987,47.23669,0 14.99983,47.23678,0 14.99983,47.23685,0 14.99987,47.23692,0 14.99995,47.237,0 14.99996,47.23705,0 14.99993,47.2371,0 14.99977,47.2371,0 14.99957,47.23704,0 14.99938,47.23701,0 14.99925,47.23701,0 14.99912,47.23703,0 14.99897,47.23707,0 14.99867,47.2372,0 14.99828,47.23741,0 14.99789,47.23759,0 14.99766,47.23767,0 14.997,47.2378,0 14.99627,47.23786,0 14.99592,47.23794,0 14.99479,47.23809,0 14.99396,47.23817,0 14.99368,47.23817,0 14.99351,47.23816,0 14.99328,47.23819,0 14.99307,47.23825,0 14.99222,47.23874,0 14.99211,47.23888,0 14.99206,47.239,0 14.99204,47.23912,0 14.99216,47.23955,0 14.99223,47.23962,0 14.99218,47.23969,0 14.99218,47.23982,0 14.99214,47.23989,0 14.99202,47.23998,0 14.99136,47.24043,0 14.9911,47.24054,0 14.99073,47.24068,0 14.99014,47.2411,0 14.99004,47.2412,0 14.98978,47.24169,0 14.98969,47.24189,0 14.98962,47.24206,0 14.98958,47.24232,0 14.98943,47.24282,0 14.98935,47.2429,0 14.98923,47.24303,0 14.98899,47.2432,0 14.98871,47.2434,0 14.98846,47.2436,0 14.98836,47.24371,0 14.98833,47.24379,0 14.98822,47.24392,0 14.98819,47.24402,0 14.98813,47.24421,0 14.98808,47.24433,0 14.98794,47.24449,0 14.98766,47.24464,0 14.98742,47.24472,0 14.98705,47.24481,0 14.98673,47.2449,0 14.98647,47.24501,0 14.98629,47.24511,0 14.98615,47.24524,0 14.98603,47.24542,0 14.98602,47.24591,0 14.98614,47.24643,0 14.98607,47.24672,0 14.98592,47.24694,0 14.98596,47.24718,0 14.98589,47.24753,0 14.98566,47.24777,0 14.98558,47.24788,0 14.98539,47.248,0 14.98528,47.24806,0 14.9851,47.24811,0 14.9845,47.24823,0 14.98395,47.24853,0 14.98353,47.24891,0 14.98325,47.24926,0 14.98311,47.24946,0 14.98303,47.24953,0 14.98288,47.24958,0 14.98276,47.2496,0 14.98268,47.2496,0 14.98258,47.2496,0 14.98039,47.24927,0 14.97971,47.24924,0 14.97917,47.24931,0 14.97871,47.24932,0 14.97818,47.24939,0 14.97737,47.24945,0 14.97676,47.24954,0 14.97605,47.24978,0 14.97535,47.24992,0 14.97473,47.2501,0 14.97377,47.25016,0 14.97294,47.25066,0 14.97047,47.25142,0 14.96974,47.25154,0 14.96872,47.25155,0 14.96848,47.2515,0 14.96803,47.2512,0 14.96787,47.25111,0 14.96752,47.25114,0 14.96663,47.25134,0 14.96632,47.25138,0 14.96568,47.25137,0 14.96499,47.25135,0 14.96458,47.25125,0 14.96395,47.25095,0 14.96332,47.25076,0 14.96277,47.25067,0 14.96201,47.25045,0 14.9615,47.25025,0 14.96106,47.24995,0 14.96063,47.24968,0 14.96022,47.24948,0 14.95933,47.24916,0 14.95921,47.24914,0 14.95892,47.24908,0 14.95819,47.24902,0 14.95773,47.24904,0 14.95744,47.24899,0 14.95687,47.24887,0 14.95655,47.24883,0 14.95604,47.24866,0 14.95581,47.24853,0 14.95553,47.2484,0 14.95533,47.24825,0 14.95497,47.24789,0 14.95469,47.24771,0 14.95423,47.24741,0 14.9539,47.24724,0 14.95316,47.24691,0 14.95274,47.24671,0 14.95248,47.24651,0 14.95229,47.24623,0 14.95198,47.24572,0 14.95181,47.24553,0 14.95171,47.2454,0 14.95154,47.24494,0 14.95087,47.24426,0 14.95078,47.24418,0 14.95059,47.24401,0 14.95054,47.24394,0 14.9505,47.2439,0 14.95031,47.24375,0 14.94991,47.24353,0 14.94973,47.24343,0 14.94942,47.2433,0 14.9487,47.24262,0 14.94782,47.24209,0 14.94709,47.24169,0 14.94666,47.24124,0 14.94625,47.241,0 14.94545,47.24063,0 14.94442,47.24007,0 14.94397,47.23968,0 14.94362,47.23949,0 14.94306,47.23932,0 14.94287,47.23924,0 14.94276,47.23918,0 14.94263,47.23912,0 14.94255,47.23906,0 14.94237,47.23904,0 14.94208,47.23894,0 14.94189,47.23889,0 14.94117,47.23882,0 14.94087,47.23876,0 14.9403,47.23854,0 14.93986,47.23843,0 14.93898,47.23837,0 14.9388,47.23842,0 14.93866,47.23854,0 14.9385,47.23883,0 14.93839,47.239,0 14.93819,47.23913,0 14.93799,47.2392,0 14.9375,47.23926,0 14.93725,47.23927,0 14.93701,47.23922,0 14.93681,47.23922,0 14.93669,47.23919,0 14.93649,47.23916,0 14.93614,47.23916,0 14.93598,47.23919,0 14.93589,47.23918,0 14.93584,47.23914,0 14.93577,47.23911,0 14.93545,47.23919,0 14.9354,47.23919,0 14.93535,47.23919,0 14.93506,47.23912,0 14.93457,47.2388,0 14.93421,47.23863,0 14.93369,47.23848,0 14.93304,47.23834,0 14.93233,47.23822,0 14.93173,47.23818,0 14.93146,47.23798,0 14.9314,47.23791,0 14.93137,47.23783,0 14.9314,47.23769,0 14.93146,47.23756,0 14.93159,47.23746,0 14.93183,47.2374,0 14.93176,47.23738,0 14.93154,47.23731,0 14.93138,47.23727,0 14.9312,47.23725,0 14.93098,47.23724,0 14.9308,47.2373,0 14.93062,47.23734,0 14.93046,47.23734,0 14.93018,47.23734,0 14.92976,47.23728,0 14.92953,47.23729,0 14.92923,47.23727,0 14.929,47.23718,0 14.92876,47.23707,0 14.92851,47.237,0 14.92821,47.2369,0 14.92747,47.23682,0 14.92712,47.23681,0 14.92687,47.23685,0 14.92658,47.23684,0 14.92636,47.23689,0 14.92618,47.23697,0 14.92599,47.23697,0 14.9259,47.23692,0 14.92566,47.23685,0 14.92545,47.23681,0 14.92493,47.23685,0 14.92473,47.23688,0 14.92458,47.23688,0 14.92446,47.23686,0 14.92437,47.23687,0 14.92433,47.2368,0 14.92415,47.23668,0 14.92385,47.23658,0 14.92346,47.23641,0 14.92315,47.23624,0 14.92303,47.23618,0 14.92258,47.23601,0 14.92207,47.23578,0 14.92193,47.23569,0 14.92185,47.23562,0 14.92174,47.23553,0 14.9216,47.23543,0 14.92131,47.23533,0 14.92111,47.23524,0 14.92099,47.23517,0 14.9209,47.23511,0 14.92075,47.23492,0 14.92064,47.23481,0 14.92054,47.23476,0 14.92039,47.23473,0 14.92032,47.23469,0 14.92042,47.23467,0 14.92055,47.23467,0 14.92062,47.23463,0 14.92062,47.23456,0 14.92064,47.2345,0 14.9206,47.23448,0 14.92059,47.23445,0 14.92053,47.23437,0 14.92019,47.23435,0</coordinates>
          </LineString>
        </Placemark>
      </Folder>
      <Folder>
        <name>V — Les Bords de la Mur</name>
        <open>0</open>
        <Placemark>
          <name>Seg. 1 — 8.1 km (à pied)</name>
          <styleUrl>#route_p5</styleUrl>
          <LineString>
            <tessellate>1</tessellate>
            <coordinates>14.92019,47.23435,0 14.91987,47.23432,0 14.91949,47.23422,0 14.91927,47.23414,0 14.91903,47.23399,0 14.91886,47.23377,0 14.91885,47.23372,0 14.91883,47.2336,0 14.91882,47.23354,0 14.91883,47.23335,0 14.91889,47.23316,0 14.9192,47.23278,0 14.91956,47.23239,0 14.91901,47.23231,0 14.91844,47.23219,0 14.91811,47.23209,0 14.91772,47.23196,0 14.91696,47.23177,0 14.91666,47.23168,0 14.91593,47.23138,0 14.91564,47.2313,0 14.91514,47.23117,0 14.91473,47.23098,0 14.91456,47.23091,0 14.91443,47.23087,0 14.91428,47.23085,0 14.91405,47.23085,0 14.91381,47.23088,0 14.91357,47.23088,0 14.91343,47.23087,0 14.91255,47.23067,0 14.91235,47.23063,0 14.91217,47.23061,0 14.91204,47.2306,0 14.91188,47.23061,0 14.91126,47.23073,0 14.91106,47.23073,0 14.91085,47.23072,0 14.91067,47.2307,0 14.91048,47.23064,0 14.90946,47.23019,0 14.90928,47.2301,0 14.90908,47.22999,0 14.90828,47.2295,0 14.90805,47.22938,0 14.90802,47.22936,0 14.90796,47.22933,0 14.90758,47.22918,0 14.90724,47.22902,0 14.90694,47.22883,0 14.90679,47.22876,0 14.90663,47.2287,0 14.90628,47.22859,0 14.906,47.22846,0 14.90567,47.22829,0 14.90519,47.22802,0 14.90473,47.22775,0 14.90393,47.2274,0 14.90367,47.2273,0 14.90343,47.22724,0 14.90308,47.22718,0 14.90218,47.22703,0 14.90125,47.22686,0 14.90097,47.22681,0 14.90067,47.2267,0 14.89991,47.22624,0 14.89969,47.22614,0 14.89945,47.22606,0 14.89887,47.22598,0 14.89839,47.2259,0 14.89809,47.22579,0 14.89783,47.22566,0 14.89755,47.22548,0 14.8973,47.22529,0 14.89708,47.22512,0 14.89687,47.22494,0 14.89645,47.22465,0 14.89598,47.22438,0 14.89562,47.22423,0 14.89413,47.22372,0 14.89363,47.22358,0 14.89306,47.22345,0 14.89294,47.22341,0 14.89232,47.22314,0 14.89213,47.22308,0 14.89196,47.22302,0 14.89103,47.22281,0 14.89044,47.22261,0 14.88968,47.22235,0 14.88958,47.22229,0 14.88885,47.2218,0 14.88819,47.22149,0 14.88684,47.22087,0 14.8858,47.22044,0 14.88593,47.22035,0 14.8858,47.22044,0 14.88577,47.22042,0 14.88565,47.22037,0 14.88557,47.22034,0 14.88537,47.22025,0 14.88514,47.22018,0 14.88493,47.22014,0 14.8846,47.22014,0 14.88329,47.22029,0 14.88284,47.22037,0 14.88237,47.22047,0 14.88209,47.22055,0 14.88187,47.22061,0 14.88143,47.2208,0 14.88129,47.22084,0 14.88116,47.22088,0 14.88084,47.2209,0 14.8794,47.22085,0 14.87886,47.22087,0 14.87824,47.2209,0 14.8766,47.22096,0 14.87556,47.221,0 14.87523,47.22105,0 14.87518,47.22106,0 14.87465,47.22121,0 14.87386,47.2215,0 14.87321,47.22177,0 14.87225,47.22216,0 14.87184,47.22231,0 14.87059,47.22281,0 14.8704,47.22286,0 14.8693,47.22311,0 14.86908,47.22314,0 14.86883,47.22317,0 14.86849,47.22317,0 14.86781,47.2232,0 14.8671,47.22332,0 14.86637,47.22351,0 14.86621,47.22355,0 14.86576,47.22361,0 14.86535,47.22371,0 14.86478,47.2239,0 14.86443,47.22403,0 14.86408,47.22417,0 14.86362,47.22436,0 14.86256,47.22487,0 14.86227,47.22499,0 14.86149,47.22527,0 14.86124,47.22537,0 14.86099,47.22552,0 14.86078,47.22567,0 14.86058,47.22583,0 14.85998,47.2265,0 14.85948,47.22695,0 14.85913,47.22712,0 14.8591,47.22714,0 14.8586,47.22743,0 14.85849,47.2275,0 14.85778,47.22798,0 14.85752,47.22817,0 14.85736,47.22829,0 14.85696,47.22862,0 14.85672,47.22882,0 14.85648,47.22905,0 14.85625,47.22924,0 14.85547,47.2298,0 14.8552,47.23,0 14.85504,47.23014,0 14.85468,47.23041,0 14.85438,47.23061,0 14.85435,47.23063,0 14.85364,47.22665,0 14.85372,47.22663,0 14.85368,47.2265,0 14.85383,47.22634,0 14.85397,47.22623,0 14.85412,47.22615,0 14.85474,47.22596,0 14.85466,47.22585,0 14.85496,47.22519,0 14.85556,47.22415,0 14.85564,47.22412,0 14.85559,47.22408,0 14.8554,47.22396,0 14.85531,47.22388,0 14.85484,47.2236,0 14.85445,47.22338,0 14.85366,47.22307,0 14.8532,47.22287,0 14.85307,47.2228,0 14.85304,47.22278,0 14.85273,47.22261,0 14.8526,47.22255,0 14.85237,47.2224,0 14.85233,47.22236,0 14.85204,47.22208,0 14.85164,47.22168,0 14.85102,47.22084,0 14.85057,47.22024,0 14.85051,47.2202,0 14.85011,47.21968,0 14.84979,47.2192,0 14.84942,47.21864,0 14.84902,47.218,0 14.84882,47.21759,0 14.84855,47.21699,0 14.84852,47.21696,0 14.84839,47.21687,0 14.84769,47.21646,0 14.8476,47.21646,0 14.84746,47.21648,0 14.8474,47.21646,0 14.84733,47.21643,0 14.84727,47.21642,0 14.84726,47.21637,0 14.84737,47.21637,0 14.84749,47.21638,0 14.84772,47.21643,0 14.84805,47.21661,0</coordinates>
          </LineString>
        </Placemark>
        <Placemark>
          <name>Seg. 2 — 14.3 km (à pied)</name>
          <styleUrl>#route_p5</styleUrl>
          <LineString>
            <tessellate>1</tessellate>
            <coordinates>14.84805,47.21661,0 14.84772,47.21643,0 14.84749,47.21638,0 14.84737,47.21637,0 14.84726,47.21637,0 14.84725,47.21631,0 14.84718,47.21632,0 14.84689,47.21637,0 14.84655,47.21646,0 14.84567,47.2167,0 14.84548,47.21674,0 14.84529,47.21675,0 14.84499,47.21675,0 14.84492,47.2167,0 14.84294,47.21549,0 14.84266,47.21531,0 14.84254,47.21522,0 14.84234,47.21501,0 14.84225,47.21489,0 14.8422,47.21479,0 14.84215,47.21461,0 14.8421,47.21432,0 14.84202,47.21376,0 14.84198,47.21349,0 14.84169,47.21169,0 14.84164,47.21135,0 14.84161,47.21104,0 14.84163,47.2106,0 14.84165,47.21022,0 14.84169,47.20932,0 14.8417,47.20907,0 14.84168,47.20885,0 14.84139,47.20802,0 14.84136,47.20788,0 14.84126,47.2074,0 14.84115,47.20686,0 14.84115,47.20669,0 14.84117,47.20641,0 14.84117,47.20629,0 14.84115,47.20616,0 14.84103,47.20587,0 14.84086,47.20563,0 14.8406,47.2054,0 14.84034,47.20525,0 14.83956,47.20492,0 14.83721,47.20377,0 14.83682,47.20357,0 14.83643,47.20335,0 14.83558,47.20301,0 14.83524,47.20288,0 14.83513,47.20278,0 14.83507,47.20273,0 14.83502,47.20256,0 14.83499,47.20218,0 14.83501,47.20208,0 14.83504,47.20196,0 14.83517,47.20181,0 14.83538,47.20164,0 14.83592,47.20111,0 14.83618,47.20078,0 14.83625,47.20066,0 14.83638,47.20038,0 14.83646,47.2001,0 14.83673,47.19917,0 14.83683,47.19877,0 14.83684,47.1986,0 14.83677,47.1986,0 14.83676,47.19851,0 14.8367,47.19839,0 14.8366,47.19826,0 14.83647,47.19818,0 14.83642,47.19812,0 14.83633,47.1981,0 14.83604,47.1981,0 14.83568,47.19808,0 14.83531,47.19801,0 14.83522,47.19798,0 14.83512,47.19795,0 14.83495,47.19786,0 14.83478,47.19776,0 14.83427,47.19738,0 14.83342,47.19673,0 14.8328,47.19619,0 14.83251,47.19593,0 14.83222,47.1957,0 14.83203,47.19558,0 14.8317,47.19544,0 14.83135,47.19532,0 14.83095,47.19525,0 14.83035,47.19517,0 14.83013,47.19513,0 14.8305,47.19427,0 14.83051,47.19424,0 14.82979,47.194,0 14.82933,47.19382,0 14.82884,47.19355,0 14.82773,47.19323,0 14.82706,47.19302,0 14.82656,47.19281,0 14.82581,47.19249,0 14.82546,47.19239,0 14.82527,47.19227,0 14.82487,47.19206,0 14.82446,47.19188,0 14.82394,47.19168,0 14.82244,47.19103,0 14.82186,47.19076,0 14.82095,47.19031,0 14.82087,47.19027,0 14.82064,47.19018,0 14.82039,47.1901,0 14.8196,47.18984,0 14.81951,47.18982,0 14.81827,47.18939,0 14.81775,47.18918,0 14.81735,47.18901,0 14.81693,47.18885,0 14.81592,47.18852,0 14.81588,47.18851,0 14.81585,47.18852,0 14.81578,47.1885,0 14.81532,47.18836,0 14.8153,47.18838,0 14.81489,47.18825,0 14.81387,47.18802,0 14.81282,47.18781,0 14.81216,47.18766,0 14.81148,47.18751,0 14.81119,47.18744,0 14.81097,47.18736,0 14.81058,47.18718,0 14.8102,47.18698,0 14.81002,47.18688,0 14.80993,47.18682,0 14.8098,47.18669,0 14.80956,47.18646,0 14.80941,47.18632,0 14.80938,47.18623,0 14.80942,47.18598,0 14.80945,47.18567,0 14.80945,47.18555,0 14.80944,47.18547,0 14.80942,47.18536,0 14.80938,47.18521,0 14.80927,47.18501,0 14.80889,47.1846,0 14.80879,47.18447,0 14.80876,47.1844,0 14.80875,47.18434,0 14.80867,47.18435,0 14.80852,47.18432,0 14.80846,47.18431,0 14.80841,47.18429,0 14.80832,47.18426,0 14.80808,47.18415,0 14.80782,47.18401,0 14.80775,47.18397,0 14.80723,47.1837,0 14.80678,47.18348,0 14.80672,47.18345,0 14.80659,47.18339,0 14.80631,47.18332,0 14.80603,47.18327,0 14.80562,47.18323,0 14.80499,47.18317,0 14.80448,47.18308,0 14.80451,47.18301,0 14.80437,47.18298,0 14.80302,47.18274,0 14.79957,47.18209,0 14.79611,47.18147,0 14.79599,47.18141,0 14.79591,47.18139,0 14.79576,47.18139,0 14.79562,47.18138,0 14.79528,47.18127,0 14.79506,47.18123,0 14.79411,47.18112,0 14.79365,47.18108,0 14.79335,47.18108,0 14.79313,47.1811,0 14.79279,47.18117,0 14.79182,47.1814,0 14.79121,47.18151,0 14.7905,47.18159,0 14.78978,47.18162,0 14.78924,47.18162,0 14.7891,47.18161,0 14.78896,47.18156,0 14.7867,47.18121,0 14.78659,47.1812,0 14.78612,47.18117,0 14.78435,47.18116,0 14.78302,47.18107,0 14.78285,47.1811,0 14.7814,47.18106,0 14.78092,47.18107,0 14.78053,47.1811,0 14.78023,47.18114,0 14.7783,47.18151,0 14.7781,47.18153,0 14.77793,47.18154,0 14.77774,47.18153,0 14.77733,47.18147,0 14.77673,47.18138,0 14.77506,47.18111,0 14.77452,47.18098,0 14.77401,47.18083,0 14.77367,47.18071,0 14.77349,47.18063,0 14.77331,47.18053,0 14.77314,47.18044,0 14.77295,47.18029,0 14.77271,47.18005,0 14.77252,47.1799,0 14.77241,47.17981,0 14.77225,47.17971,0 14.77168,47.17945,0 14.77151,47.1794,0 14.77126,47.17935,0 14.77079,47.17917,0 14.77059,47.17907,0 14.77029,47.17891,0 14.76943,47.1784,0 14.76855,47.17779,0 14.76843,47.17772,0 14.76821,47.1776,0 14.76708,47.17708,0 14.76613,47.17667,0 14.76543,47.17633,0 14.76484,47.17602,0 14.7644,47.17578,0 14.76373,47.17535,0 14.76333,47.17511,0 14.76243,47.17462,0 14.76206,47.17445,0 14.76177,47.1743,0 14.76154,47.17415,0 14.76119,47.17388,0 14.76111,47.17383,0 14.76105,47.17385,0 14.76052,47.17344,0 14.76045,47.1734,0 14.76028,47.17335,0 14.75981,47.17325,0 14.75943,47.17315,0 14.7593,47.17309,0 14.75901,47.17293,0 14.75865,47.17274,0 14.75858,47.1727,0 14.75822,47.17253,0 14.75786,47.17237,0 14.75737,47.17217,0 14.75678,47.17195,0 14.75673,47.17193,0 14.7565,47.17183,0 14.75632,47.17174,0 14.75613,47.17161,0 14.75561,47.17109,0 14.75542,47.17095,0 14.75521,47.17084,0 14.75506,47.17079,0 14.75486,47.17075,0 14.75464,47.17072,0 14.75423,47.17071,0 14.75395,47.17074,0 14.75365,47.17077,0 14.75341,47.1708,0 14.75311,47.17079,0 14.75281,47.17075,0 14.75252,47.17066,0 14.7523,47.17056,0 14.75183,47.17031,0 14.75163,47.17022,0 14.75145,47.17017,0 14.75133,47.17014,0 14.75114,47.17011,0 14.75086,47.1701,0 14.75055,47.17008,0 14.75029,47.17006,0 14.75006,47.17001,0 14.74972,47.16992,0 14.74859,47.16959,0 14.74847,47.16956,0 14.74824,47.16951,0 14.74803,47.16948,0 14.74781,47.16947,0 14.74762,47.16947,0 14.74749,47.16948,0 14.74747,47.16941,0 14.74717,47.16947,0 14.74659,47.1696,0 14.74649,47.16961,0 14.7464,47.1696,0 14.74631,47.16959,0 14.74625,47.16956,0 14.7461,47.16961,0 14.74589,47.1694,0 14.74556,47.16915,0 14.74423,47.16827,0 14.74416,47.16823,0 14.7436,47.16782,0 14.74301,47.16732,0 14.74247,47.16692,0 14.74204,47.16666,0 14.74122,47.16623,0 14.74116,47.16627,0 14.74088,47.16649,0 14.74069,47.16662,0 14.7404,47.16675,0 14.74003,47.16689,0 14.73949,47.16709,0 14.73827,47.16747,0 14.73812,47.16751,0 14.73772,47.16759,0 14.73749,47.16763,0 14.7372,47.16766,0 14.73648,47.16774,0 14.73592,47.16784,0 14.73569,47.16791,0 14.73544,47.16799,0 14.73516,47.16811,0 14.73479,47.16824,0 14.73423,47.1684,0 14.73364,47.1685,0 14.73301,47.16859,0 14.73267,47.16858,0 14.73255,47.16859,0 14.732,47.16857,0 14.73133,47.16857,0 14.7301,47.16862,0 14.72662,47.16857,0 14.72626,47.16856,0 14.72613,47.16856,0 14.726,47.16873,0 14.7259,47.16888,0 14.72492,47.16934,0 14.72473,47.1695,0 14.72462,47.16963,0 14.72461,47.16974,0 14.72463,47.16986,0 14.72495,47.17053,0 14.72525,47.1713,0 14.72547,47.17184,0 14.7255,47.17197,0 14.72553,47.17209,0 14.72549,47.17226,0 14.72535,47.17244,0 14.72503,47.17277,0 14.72459,47.17319,0 14.72444,47.1733,0 14.72424,47.17342,0 14.72393,47.17355,0 14.72372,47.17362,0 14.72343,47.17369,0 14.72321,47.17371,0 14.72303,47.17375,0 14.7229,47.17384,0 14.72285,47.17384,0 14.72282,47.17383,0 14.72249,47.17388,0 14.72232,47.17392,0 14.72196,47.17407,0 14.72171,47.17419,0 14.72142,47.17429,0 14.72066,47.17448,0 14.72042,47.17452,0 14.71978,47.17459,0 14.71912,47.17468,0 14.71826,47.17491,0 14.7175,47.17517,0 14.71665,47.1755,0 14.71626,47.17573,0 14.7159,47.17593,0 14.71507,47.17644,0 14.71483,47.17663,0 14.71438,47.17699,0 14.71417,47.17713,0 14.71399,47.17729,0 14.71383,47.17741,0 14.71371,47.17748,0 14.71295,47.17777,0 14.71228,47.178,0 14.71165,47.17816,0 14.71148,47.17821,0 14.71119,47.17828,0 14.71092,47.17829,0</coordinates>
          </LineString>
        </Placemark>
        <Placemark>
          <name>Seg. 3 — 5.1 km (à pied)</name>
          <styleUrl>#route_p5</styleUrl>
          <LineString>
            <tessellate>1</tessellate>
            <coordinates>14.71092,47.17829,0 14.71119,47.17828,0 14.71148,47.17821,0 14.71165,47.17816,0 14.71134,47.178,0 14.71129,47.17789,0 14.71119,47.17736,0 14.71115,47.17721,0 14.71105,47.17704,0 14.71074,47.17658,0 14.71052,47.1764,0 14.71005,47.17612,0 14.70916,47.17567,0 14.70838,47.17538,0 14.70829,47.17534,0 14.70812,47.17528,0 14.70692,47.17494,0 14.70623,47.17483,0 14.7058,47.17476,0 14.70493,47.1747,0 14.70365,47.17463,0 14.70291,47.17366,0 14.70264,47.17342,0 14.70236,47.17339,0 14.70199,47.17338,0 14.70089,47.17331,0 14.69751,47.17317,0 14.69608,47.17313,0 14.69463,47.17314,0 14.69385,47.17312,0 14.69346,47.17309,0 14.69327,47.17306,0 14.69273,47.17294,0 14.69238,47.17286,0 14.69202,47.17283,0 14.69163,47.17282,0 14.69132,47.17283,0 14.69091,47.17281,0 14.6905,47.17277,0 14.69068,47.17398,0 14.69079,47.1745,0 14.69078,47.17459,0 14.68645,47.17462,0 14.6844,47.17467,0 14.68394,47.17469,0 14.68367,47.17471,0 14.68333,47.17439,0 14.68327,47.17436,0 14.68324,47.17436,0 14.6832,47.17436,0 14.68282,47.17443,0 14.68269,47.17447,0 14.6824,47.17455,0 14.68209,47.17464,0 14.68179,47.17473,0 14.68146,47.17442,0 14.68137,47.17431,0 14.68129,47.17416,0 14.68126,47.17408,0 14.68127,47.17319,0 14.68087,47.17319,0 14.68003,47.17321,0 14.67974,47.17321,0 14.67953,47.17321,0 14.67952,47.17314,0 14.6795,47.17291,0 14.6795,47.17285,0 14.67949,47.17267,0 14.67946,47.17178,0 14.67938,47.17178,0 14.67933,47.17179,0 14.67888,47.17196,0 14.67883,47.17197,0 14.67755,47.17202,0 14.67739,47.17163,0 14.67718,47.17134,0 14.67672,47.17099,0 14.67623,47.17069,0 14.67568,47.17048,0 14.67416,47.16994,0 14.67395,47.16985,0 14.67272,47.17007,0 14.67177,47.17022,0 14.67124,47.17023,0 14.66986,47.16991,0 14.66827,47.16965,0 14.66809,47.1696,0 14.66805,47.1696,0 14.66781,47.16953,0 14.66787,47.16941,0 14.66784,47.16875,0 14.66781,47.16841,0 14.66776,47.1681,0 14.66759,47.16782,0 14.66753,47.16775,0 14.66742,47.1677,0 14.66733,47.16768,0 14.66713,47.16764,0 14.66706,47.1676,0 14.66695,47.16765,0 14.66658,47.1677,0 14.66621,47.16774,0 14.66578,47.16777,0 14.66492,47.16771,0 14.66471,47.16772,0 14.66456,47.16773,0 14.66313,47.16788,0 14.66297,47.16793,0 14.66287,47.16793,0 14.6628,47.16793,0 14.66277,47.16836,0 14.66277,47.16853,0 14.66263,47.16888,0 14.66259,47.1692,0 14.6619,47.16924,0 14.66179,47.16923,0</coordinates>
          </LineString>
        </Placemark>
      </Folder>
      <Folder>
        <name>VI — La Nuit tragique</name>
        <open>0</open>
        <Placemark>
          <name>Seg. 1 — 18.1 km (à pied)</name>
          <styleUrl>#route_p6</styleUrl>
          <LineString>
            <tessellate>1</tessellate>
            <coordinates>14.66179,47.16923,0 14.66149,47.16921,0 14.66114,47.16918,0 14.66102,47.16916,0 14.66089,47.16915,0 14.66077,47.16913,0 14.66061,47.16912,0 14.66048,47.16911,0 14.66042,47.1691,0 14.65974,47.16904,0 14.65962,47.16904,0 14.65903,47.16902,0 14.65892,47.16903,0 14.65889,47.16903,0 14.65814,47.16907,0 14.65809,47.16907,0 14.65795,47.16907,0 14.65746,47.16908,0 14.65739,47.16908,0 14.65731,47.16909,0 14.65641,47.16912,0 14.65607,47.16912,0 14.65578,47.16913,0 14.65566,47.16912,0 14.65556,47.16911,0 14.65546,47.16909,0 14.65538,47.16907,0 14.65519,47.16902,0 14.65489,47.16892,0 14.65475,47.16891,0 14.65472,47.16891,0 14.65468,47.16893,0 14.65461,47.16894,0 14.65447,47.16896,0 14.65425,47.16899,0 14.65414,47.16899,0 14.65409,47.16898,0 14.65404,47.16895,0 14.65401,47.16891,0 14.654,47.16886,0 14.65394,47.16883,0 14.65387,47.1688,0 14.65372,47.16878,0 14.65296,47.16888,0 14.65192,47.16902,0 14.65178,47.16904,0 14.65138,47.1691,0 14.65078,47.16918,0 14.65056,47.16921,0 14.65039,47.16924,0 14.65024,47.16925,0 14.65,47.16929,0 14.64946,47.16937,0 14.64922,47.1694,0 14.64884,47.16945,0 14.6487,47.16947,0 14.64795,47.16958,0 14.64706,47.16971,0 14.6466,47.16978,0 14.64642,47.1698,0 14.64607,47.16985,0 14.64591,47.16988,0 14.64529,47.16996,0 14.64511,47.16999,0 14.64501,47.17,0 14.64433,47.1701,0 14.64402,47.17014,0 14.64361,47.17021,0 14.64339,47.17025,0 14.64301,47.1703,0 14.64266,47.17035,0 14.64241,47.17038,0 14.64178,47.17046,0 14.64157,47.1705,0 14.64146,47.17045,0 14.64097,47.17052,0 14.63962,47.17071,0 14.63903,47.17079,0 14.63894,47.17081,0 14.63786,47.17097,0 14.63741,47.17103,0 14.63531,47.17133,0 14.63513,47.17135,0 14.63503,47.17144,0 14.63447,47.17152,0 14.6342,47.17155,0 14.63381,47.17161,0 14.63301,47.17171,0 14.63219,47.17182,0 14.63204,47.17184,0 14.63166,47.1719,0 14.63117,47.17197,0 14.63085,47.17202,0 14.63063,47.1721,0 14.63044,47.1722,0 14.63004,47.17244,0 14.62988,47.17249,0 14.62971,47.17251,0 14.62946,47.17254,0 14.62858,47.17257,0 14.62818,47.17259,0 14.62705,47.17268,0 14.62685,47.17266,0 14.62597,47.17271,0 14.62563,47.17272,0 14.62414,47.17273,0 14.62374,47.17274,0 14.62337,47.17276,0 14.62303,47.1728,0 14.62258,47.17285,0 14.62224,47.17291,0 14.62193,47.17297,0 14.62156,47.17305,0 14.62071,47.17325,0 14.62051,47.17327,0 14.61703,47.1741,0 14.6141,47.17479,0 14.61322,47.175,0 14.61258,47.17515,0 14.61219,47.17523,0 14.61206,47.17526,0 14.61186,47.17528,0 14.61104,47.17536,0 14.61074,47.17539,0 14.61066,47.1754,0 14.61038,47.17544,0 14.61011,47.17549,0 14.60971,47.17559,0 14.6094,47.1757,0 14.60913,47.17582,0 14.6086,47.17612,0 14.60802,47.17647,0 14.60731,47.17692,0 14.60664,47.17734,0 14.60623,47.17762,0 14.60575,47.17795,0 14.60565,47.17801,0 14.60496,47.17844,0 14.60456,47.17867,0 14.60302,47.17963,0 14.60239,47.18004,0 14.60224,47.18014,0 14.60203,47.18028,0 14.60182,47.18042,0 14.60161,47.18056,0 14.60131,47.18076,0 14.60086,47.18107,0 14.59929,47.18207,0 14.59897,47.18227,0 14.59852,47.18254,0 14.59801,47.18284,0 14.59787,47.18293,0 14.59698,47.18348,0 14.59666,47.18369,0 14.59542,47.18446,0 14.59532,47.18453,0 14.59484,47.18484,0 14.59471,47.18494,0 14.59455,47.18504,0 14.59395,47.18543,0 14.59306,47.18604,0 14.59232,47.18655,0 14.59087,47.1875,0 14.58996,47.18809,0 14.58904,47.18868,0 14.58879,47.18883,0 14.58855,47.18895,0 14.5882,47.18911,0 14.58791,47.18923,0 14.58754,47.18935,0 14.58718,47.18946,0 14.58597,47.18979,0 14.58565,47.18988,0 14.58542,47.18996,0 14.58514,47.19008,0 14.5851,47.1901,0 14.58478,47.19026,0 14.58465,47.19034,0 14.58452,47.19042,0 14.58428,47.19061,0 14.58399,47.19087,0 14.58262,47.1923,0 14.58227,47.1926,0 14.58207,47.19274,0 14.58188,47.19286,0 14.58168,47.19297,0 14.5815,47.19307,0 14.58124,47.19319,0 14.58099,47.19328,0 14.58074,47.19337,0 14.58034,47.19347,0 14.57983,47.1936,0 14.5791,47.19375,0 14.57869,47.19386,0 14.57834,47.19396,0 14.57804,47.19406,0 14.57749,47.19429,0 14.5769,47.19459,0 14.5733,47.19656,0 14.57292,47.19677,0 14.57268,47.19691,0 14.57246,47.19704,0 14.57214,47.19725,0 14.57182,47.19746,0 14.57083,47.19815,0 14.5704,47.19845,0 14.57014,47.19868,0 14.56991,47.1989,0 14.56965,47.19921,0 14.56897,47.20018,0 14.56888,47.20031,0 14.56857,47.20073,0 14.56854,47.20078,0 14.56849,47.20085,0 14.56835,47.20101,0 14.56822,47.20116,0 14.56801,47.20132,0 14.56783,47.20143,0 14.56766,47.20151,0 14.56747,47.20158,0 14.56727,47.20164,0 14.56709,47.20169,0 14.56687,47.20173,0 14.56664,47.20176,0 14.5664,47.20177,0 14.56613,47.20177,0 14.56591,47.20176,0 14.56505,47.20169,0 14.56463,47.20167,0 14.56421,47.20166,0 14.56372,47.20168,0 14.56352,47.2017,0 14.56337,47.20171,0 14.56331,47.20172,0 14.56272,47.20181,0 14.56227,47.2019,0 14.56189,47.20201,0 14.56154,47.20211,0 14.56006,47.20249,0 14.55966,47.20259,0 14.55921,47.20268,0 14.55858,47.2028,0 14.55401,47.2036,0 14.55344,47.20369,0 14.55308,47.20374,0 14.55272,47.20376,0 14.55232,47.20377,0 14.55193,47.20376,0 14.55096,47.20369,0 14.54905,47.20353,0 14.54881,47.20349,0 14.54857,47.20344,0 14.54817,47.20333,0 14.54803,47.20329,0 14.54786,47.20323,0 14.54752,47.20313,0 14.54718,47.20303,0 14.54688,47.20296,0 14.54655,47.2029,0 14.54628,47.20287,0 14.546,47.20285,0 14.54567,47.20284,0 14.54531,47.20283,0 14.54427,47.20287,0 14.54384,47.20287,0 14.54362,47.20286,0 14.54341,47.20284,0 14.54297,47.20278,0 14.54269,47.20272,0 14.54244,47.20265,0 14.54211,47.20255,0 14.54157,47.20239,0 14.54153,47.20238,0 14.54113,47.20227,0 14.54073,47.20218,0 14.54013,47.20206,0 14.53954,47.20195,0 14.53883,47.20188,0 14.53833,47.20186,0 14.53821,47.20186,0 14.53777,47.20188,0 14.53627,47.20196,0 14.53579,47.20197,0 14.53528,47.20194,0 14.53473,47.20185,0 14.53414,47.20171,0 14.5329,47.20127,0 14.53259,47.20117,0 14.53228,47.2011,0 14.53209,47.20107,0 14.5318,47.20104,0 14.53142,47.20101,0 14.53129,47.20101,0 14.53112,47.20101,0 14.53093,47.20102,0 14.53061,47.20105,0 14.53047,47.20106,0 14.53033,47.20108,0 14.53001,47.20113,0 14.5295,47.20122,0 14.52921,47.20127,0 14.52868,47.20132,0 14.52823,47.20135,0 14.52794,47.20135,0 14.5271,47.20129,0 14.52463,47.20111,0 14.52419,47.20108,0 14.52396,47.20108,0 14.52363,47.20108,0 14.52336,47.20107,0 14.52311,47.20109,0 14.52259,47.20114,0 14.52108,47.20142,0 14.52041,47.20152,0 14.5199,47.20156,0 14.51937,47.20157,0 14.51893,47.20153,0 14.51741,47.20134,0 14.51681,47.20132,0 14.51622,47.20137,0 14.51581,47.20146,0 14.51462,47.20175,0 14.51406,47.20191,0 14.51369,47.20202,0 14.51334,47.20214,0 14.51298,47.20227,0 14.51277,47.20235,0 14.51176,47.20278,0 14.51161,47.20285,0 14.51155,47.20287,0 14.51135,47.20296,0 14.51109,47.20309,0 14.51062,47.20334,0 14.51012,47.20353,0 14.50992,47.20362,0 14.50987,47.20357,0 14.50981,47.20351,0 14.50974,47.20346,0 14.50962,47.20342,0 14.50947,47.20342,0 14.50931,47.20347,0 14.50902,47.20363,0 14.50852,47.20392,0 14.5083,47.20402,0 14.50783,47.20418,0 14.50689,47.20448,0 14.50629,47.20465,0 14.50567,47.20482,0 14.50511,47.20495,0 14.50469,47.20502,0 14.50433,47.20507,0 14.50405,47.20509,0 14.50186,47.20526,0 14.50133,47.20532,0 14.5011,47.20535,0 14.50089,47.2054,0 14.50081,47.20542,0 14.50039,47.20552,0 14.50018,47.20557,0 14.49995,47.20563,0 14.49954,47.20572,0 14.49921,47.20578,0 14.49902,47.20581,0 14.49863,47.20588,0 14.49852,47.2059,0 14.49852,47.20593,0 14.49851,47.20596,0 14.49849,47.20599,0 14.49845,47.20602,0 14.49841,47.20603,0 14.49835,47.20604,0 14.49829,47.20603,0 14.49824,47.20602,0 14.4982,47.20599,0 14.49818,47.20595,0 14.49814,47.20596,0 14.49807,47.20597,0 14.49782,47.20602,0 14.49714,47.20614,0 14.49659,47.20623,0 14.49611,47.20632,0 14.49585,47.20638,0 14.49532,47.20651,0 14.49515,47.20654,0 14.49494,47.20655,0 14.49488,47.20655,0 14.49484,47.20655,0 14.49481,47.20659,0 14.49477,47.20664,0 14.49471,47.20667,0 14.49465,47.20669,0 14.49457,47.2067,0 14.4945,47.20669,0 14.49443,47.20667,0 14.49437,47.20664,0 14.49432,47.20659,0 14.4943,47.20654,0 14.4943,47.20647,0 14.49433,47.20642,0 14.49438,47.20638,0 14.49445,47.20634,0 14.49452,47.20632,0 14.4945,47.20628,0 14.49448,47.20623,0 14.4944,47.20613,0 14.49432,47.20608,0 14.49423,47.20604,0 14.49414,47.20601,0 14.49404,47.206,0 14.49394,47.20599,0 14.49384,47.20599,0 14.49376,47.20601,0 14.49366,47.20603,0 14.49357,47.20606,0 14.49319,47.20622,0 14.49293,47.20632,0 14.49282,47.20635,0 14.49266,47.2064,0 14.49235,47.20648,0 14.4919,47.20658,0 14.49156,47.20664,0 14.4912,47.20669,0 14.49065,47.20678,0 14.49036,47.20683,0 14.49015,47.20688,0 14.48954,47.20703,0 14.48911,47.20712,0 14.48871,47.2072,0 14.48839,47.20724,0 14.48809,47.20727,0 14.48779,47.20729,0 14.48749,47.2073,0 14.48602,47.20733,0 14.48568,47.20737,0 14.4853,47.20744,0 14.48496,47.20758,0 14.4847,47.20769,0 14.48457,47.20773,0 14.48362,47.20794,0 14.48214,47.20823,0 14.48131,47.20845,0 14.481,47.20854,0 14.48028,47.2087,0 14.47968,47.20892,0 14.47951,47.20897,0 14.47861,47.20919,0 14.47733,47.2096,0 14.47642,47.20988,0 14.47511,47.21021,0 14.47398,47.21048,0 14.47343,47.21054,0 14.47327,47.21055,0 14.47313,47.21055,0 14.47294,47.21055,0 14.47248,47.21052,0 14.47131,47.21037,0 14.47016,47.21027,0 14.46827,47.21009,0 14.46647,47.20991,0 14.46614,47.20988,0 14.46565,47.20982,0 14.46501,47.20974,0 14.46438,47.20964,0 14.46276,47.20939,0 14.46251,47.20934,0 14.4622,47.20925,0 14.46176,47.20908,0 14.46147,47.20897,0 14.46097,47.20881,0 14.46067,47.20871,0 14.46022,47.20854,0 14.45961,47.20826,0 14.45866,47.2078,0 14.45805,47.20751,0 14.45754,47.20726,0 14.45613,47.20648,0 14.45555,47.20621,0 14.45534,47.20608,0 14.4552,47.20598,0 14.45501,47.20583,0 14.45452,47.20534,0 14.45443,47.20526,0 14.45415,47.205,0 14.45411,47.20497,0 14.45386,47.20473,0 14.45307,47.20409,0 14.4525,47.20374,0 14.4518,47.20337,0 14.45146,47.20308,0 14.45135,47.20297,0 14.45124,47.20284,0 14.45076,47.20231,0</coordinates>
          </LineString>
        </Placemark>
        <Placemark>
          <name>Seg. 2 — 26.5 km (à pied)</name>
          <styleUrl>#route_p6</styleUrl>
          <LineString>
            <tessellate>1</tessellate>
            <coordinates>14.45076,47.20231,0 14.45075,47.2023,0 14.45027,47.20179,0 14.44976,47.20133,0 14.44942,47.20105,0 14.44918,47.20072,0 14.44904,47.20042,0 14.4489,47.20016,0 14.44874,47.19998,0 14.44827,47.19968,0 14.44803,47.19955,0 14.44785,47.19943,0 14.44769,47.19929,0 14.44747,47.19904,0 14.44736,47.19893,0 14.44726,47.19889,0 14.44713,47.19884,0 14.44701,47.19883,0 14.447,47.19886,0 14.44697,47.19888,0 14.44693,47.1989,0 14.44689,47.19891,0 14.44684,47.19891,0 14.44679,47.1989,0 14.44675,47.19888,0 14.44672,47.19886,0 14.44671,47.19882,0 14.44671,47.19879,0 14.44673,47.19876,0 14.44662,47.19871,0 14.44645,47.19859,0 14.44628,47.19844,0 14.44587,47.19804,0 14.44555,47.19776,0 14.44466,47.19697,0 14.44458,47.1969,0 14.4439,47.19637,0 14.4438,47.1963,0 14.44322,47.19588,0 14.44287,47.19566,0 14.44269,47.19553,0 14.44263,47.19549,0 14.44216,47.19516,0 14.44199,47.19504,0 14.44146,47.19462,0 14.44078,47.19406,0 14.44026,47.19362,0 14.44007,47.1935,0 14.44003,47.19347,0 14.43993,47.19343,0 14.43987,47.19343,0 14.43981,47.19341,0 14.43976,47.19338,0 14.43972,47.19335,0 14.43971,47.1933,0 14.43939,47.19326,0 14.43913,47.19317,0 14.43877,47.19295,0 14.43842,47.19268,0 14.43834,47.19262,0 14.43808,47.19239,0 14.4375,47.19182,0 14.43725,47.19157,0 14.4367,47.19099,0 14.43632,47.19051,0 14.4358,47.18987,0 14.43543,47.18939,0 14.43531,47.18921,0 14.43515,47.18891,0 14.43463,47.18801,0 14.43449,47.18777,0 14.43438,47.18755,0 14.4343,47.18734,0 14.43418,47.18696,0 14.43401,47.18632,0 14.43392,47.18607,0 14.43382,47.18583,0 14.43347,47.18515,0 14.43337,47.18498,0 14.43329,47.18487,0 14.43319,47.18478,0 14.43307,47.18468,0 14.43261,47.18444,0 14.43248,47.18435,0 14.43235,47.18424,0 14.43226,47.18412,0 14.43219,47.18398,0 14.43215,47.18386,0 14.43213,47.18364,0 14.43216,47.18351,0 14.43224,47.18324,0 14.43223,47.18311,0 14.43222,47.18303,0 14.43215,47.18285,0 14.43215,47.18279,0 14.43217,47.18272,0 14.43225,47.18266,0 14.43234,47.18263,0 14.43218,47.18238,0 14.43204,47.18221,0 14.4319,47.18207,0 14.43163,47.18183,0 14.43149,47.18173,0 14.43079,47.18127,0 14.43047,47.18108,0 14.42992,47.18075,0 14.42957,47.1805,0 14.42938,47.18035,0 14.42916,47.18017,0 14.42893,47.17996,0 14.4287,47.1797,0 14.42849,47.17944,0 14.42833,47.17918,0 14.42818,47.17891,0 14.4281,47.17873,0 14.428,47.17846,0 14.42795,47.17827,0 14.42792,47.17812,0 14.42791,47.178,0 14.42791,47.17782,0 14.42793,47.17754,0 14.42821,47.17574,0 14.42828,47.17549,0 14.42834,47.17528,0 14.42855,47.17475,0 14.42878,47.1742,0 14.42906,47.17353,0 14.42918,47.17314,0 14.42929,47.17259,0 14.42938,47.17163,0 14.42945,47.17097,0 14.42946,47.17087,0 14.42946,47.17063,0 14.42942,47.16979,0 14.42936,47.16935,0 14.42928,47.16886,0 14.42924,47.16868,0 14.4292,47.1685,0 14.42926,47.16847,0 14.42933,47.16844,0 14.42937,47.16838,0 14.42939,47.16834,0 14.42943,47.16819,0 14.42947,47.16812,0 14.42957,47.16809,0 14.42956,47.16788,0 14.42938,47.16724,0 14.42928,47.16677,0 14.42928,47.16643,0 14.42931,47.1661,0 14.42939,47.16557,0 14.42938,47.16534,0 14.42934,47.16508,0 14.42922,47.16477,0 14.42906,47.16449,0 14.42886,47.1642,0 14.42858,47.16383,0 14.42832,47.16359,0 14.42804,47.16338,0 14.42764,47.16314,0 14.42663,47.16268,0 14.42633,47.1625,0 14.42607,47.16231,0 14.42571,47.16192,0 14.42555,47.1616,0 14.4253,47.16087,0 14.42519,47.1606,0 14.42497,47.16026,0 14.42462,47.15984,0 14.42442,47.15956,0 14.42423,47.15941,0 14.42397,47.15927,0 14.42365,47.1592,0 14.42322,47.15917,0 14.42283,47.15912,0 14.42268,47.15911,0 14.42226,47.15903,0 14.42201,47.15897,0 14.42179,47.1589,0 14.42159,47.15878,0 14.42146,47.15866,0 14.42132,47.15849,0 14.42122,47.15781,0 14.4211,47.15753,0 14.42098,47.15737,0 14.42082,47.15723,0 14.42056,47.15708,0 14.42016,47.15689,0 14.41973,47.15667,0 14.41929,47.15639,0 14.41904,47.15612,0 14.41881,47.15598,0 14.41861,47.1559,0 14.4184,47.15582,0 14.41793,47.15568,0 14.41756,47.15552,0 14.41723,47.15536,0 14.41692,47.15516,0 14.4167,47.15501,0 14.41649,47.15482,0 14.41629,47.15462,0 14.41585,47.15409,0 14.41548,47.1536,0 14.41532,47.15344,0 14.41495,47.15307,0 14.41453,47.1527,0 14.41441,47.15257,0 14.41427,47.15233,0 14.41366,47.15136,0 14.41363,47.15133,0 14.4136,47.15127,0 14.41342,47.15108,0 14.41341,47.15098,0 14.4134,47.15069,0 14.41339,47.15057,0 14.41336,47.15034,0 14.41337,47.15019,0 14.41345,47.14996,0 14.4136,47.14975,0 14.41411,47.14918,0 14.4145,47.14881,0 14.41474,47.14855,0 14.41516,47.14809,0 14.41527,47.148,0 14.41523,47.14797,0 14.41517,47.14793,0 14.41538,47.14776,0 14.41557,47.14758,0 14.41581,47.14732,0 14.41607,47.147,0 14.41622,47.14677,0 14.41637,47.14653,0 14.41648,47.14632,0 14.41658,47.1461,0 14.41664,47.14596,0 14.41677,47.14563,0 14.41686,47.14537,0 14.41708,47.1448,0 14.41719,47.14447,0 14.41727,47.14424,0 14.41735,47.14403,0 14.41748,47.14368,0 14.4175,47.14361,0 14.4176,47.14337,0 14.41768,47.14319,0 14.41776,47.14307,0 14.41786,47.14296,0 14.41798,47.14284,0 14.4181,47.14275,0 14.41825,47.14265,0 14.41844,47.14256,0 14.41863,47.14249,0 14.41895,47.14239,0 14.41937,47.14229,0 14.42011,47.14214,0 14.42046,47.14206,0 14.42081,47.14195,0 14.42097,47.14189,0 14.42139,47.14169,0 14.42167,47.14151,0 14.42211,47.14122,0 14.42227,47.14111,0 14.42299,47.1406,0 14.42336,47.14036,0 14.42355,47.14025,0 14.42382,47.14012,0 14.42424,47.13994,0 14.42484,47.13972,0 14.42514,47.13962,0 14.42547,47.13952,0 14.42567,47.13946,0 14.42591,47.1394,0 14.42609,47.13937,0 14.42638,47.13931,0 14.427,47.1392,0 14.42734,47.13912,0 14.42749,47.13909,0 14.42785,47.13902,0 14.42812,47.13896,0 14.42832,47.1389,0 14.4285,47.13884,0 14.42876,47.13874,0 14.42934,47.13848,0 14.43,47.13817,0 14.43149,47.13748,0 14.43202,47.13722,0 14.4324,47.13701,0 14.4326,47.13688,0 14.43279,47.13674,0 14.433,47.13653,0 14.43313,47.1364,0 14.43342,47.13601,0 14.43434,47.13477,0 14.43482,47.13412,0 14.43507,47.13371,0 14.43528,47.13331,0 14.43612,47.13158,0 14.43634,47.13114,0 14.43652,47.13071,0 14.43694,47.12967,0 14.43717,47.12922,0 14.4373,47.12899,0 14.43746,47.12876,0 14.43762,47.12855,0 14.43786,47.12827,0 14.43807,47.12805,0 14.43854,47.12762,0 14.43865,47.12752,0 14.43911,47.12715,0 14.4393,47.12702,0 14.43938,47.12697,0 14.43952,47.1269,0 14.43975,47.12681,0 14.44002,47.12672,0 14.44039,47.12662,0 14.44067,47.12652,0 14.44087,47.12644,0 14.44103,47.12636,0 14.4413,47.12617,0 14.44141,47.12607,0 14.44152,47.12595,0 14.4416,47.12583,0 14.44168,47.12568,0 14.44172,47.12553,0 14.44181,47.12519,0 14.4419,47.1248,0 14.44196,47.12461,0 14.44205,47.12441,0 14.44218,47.12421,0 14.44236,47.124,0 14.4425,47.12387,0 14.44267,47.12375,0 14.44286,47.12362,0 14.44308,47.12349,0 14.44331,47.12339,0 14.44357,47.12329,0 14.44387,47.12322,0 14.44452,47.12307,0 14.4452,47.12292,0 14.44555,47.12283,0 14.44578,47.12275,0 14.44596,47.12268,0 14.44612,47.1226,0 14.44627,47.12251,0 14.44642,47.12241,0 14.44658,47.12228,0 14.44675,47.1221,0 14.44734,47.12136,0 14.44766,47.12096,0 14.4479,47.1207,0 14.44817,47.12044,0 14.44845,47.12019,0 14.44875,47.11995,0 14.4494,47.11947,0 14.44994,47.11905,0 14.45106,47.11809,0 14.45157,47.11764,0 14.45216,47.11714,0 14.45325,47.11627,0 14.45368,47.11592,0 14.45401,47.11564,0 14.45454,47.11522,0 14.45659,47.11363,0 14.45688,47.1134,0 14.45711,47.11319,0 14.45721,47.11307,0 14.4573,47.11295,0 14.45741,47.11277,0 14.45749,47.11259,0 14.45757,47.11234,0 14.45764,47.11204,0 14.4577,47.11173,0 14.45775,47.11142,0 14.45778,47.11112,0 14.45779,47.11086,0 14.45776,47.11036,0 14.45773,47.11011,0 14.45764,47.10962,0 14.45756,47.10916,0 14.45754,47.10909,0 14.45739,47.10839,0 14.45736,47.10827,0 14.45735,47.10821,0 14.45732,47.1081,0 14.45721,47.10776,0 14.45717,47.10764,0 14.45711,47.10744,0 14.45699,47.10697,0 14.45698,47.10695,0 14.45669,47.10595,0 14.45635,47.10479,0 14.4563,47.10459,0 14.45615,47.10402,0 14.45608,47.1037,0 14.45603,47.10337,0 14.45593,47.10249,0 14.45589,47.10223,0 14.45585,47.10207,0 14.45578,47.10191,0 14.45566,47.10168,0 14.45554,47.1015,0 14.45521,47.10112,0 14.45456,47.10041,0 14.45343,47.09917,0 14.45307,47.0988,0 14.45289,47.09864,0 14.45274,47.09853,0 14.45233,47.09824,0 14.45062,47.09711,0 14.45045,47.09699,0 14.45031,47.09689,0 14.45009,47.0967,0 14.44989,47.09648,0 14.44971,47.09624,0 14.44956,47.096,0 14.44943,47.09572,0 14.44926,47.09526,0 14.44918,47.09511,0 14.44909,47.095,0 14.44897,47.09488,0 14.44877,47.09474,0 14.44852,47.09461,0 14.44827,47.09452,0 14.44694,47.09416,0 14.44591,47.09388,0 14.44545,47.09375,0 14.44313,47.09312,0 14.44299,47.09308,0 14.44278,47.09302,0 14.44242,47.0929,0 14.44214,47.09278,0 14.44189,47.09266,0 14.44139,47.09237,0 14.44123,47.09227,0 14.44086,47.09202,0 14.44055,47.0918,0 14.43976,47.09118,0 14.43942,47.09092,0 14.43924,47.0908,0 14.43907,47.09069,0 14.43894,47.09063,0 14.4388,47.09057,0 14.43862,47.0905,0 14.43843,47.09045,0 14.43823,47.0904,0 14.43798,47.09037,0 14.43758,47.09034,0 14.43735,47.09035,0 14.43708,47.09038,0 14.43688,47.09042,0 14.4367,47.09046,0 14.43625,47.09059,0 14.43563,47.09077,0 14.43534,47.09087,0 14.43511,47.09096,0 14.43447,47.09126,0 14.43426,47.09134,0 14.43413,47.09138,0 14.43395,47.09141,0 14.43379,47.09143,0 14.43363,47.09143,0 14.43346,47.09142,0 14.43329,47.0914,0 14.43304,47.09132,0 14.43285,47.09123,0 14.43266,47.09109,0 14.43243,47.09087,0 14.43211,47.09057,0 14.43198,47.09045,0 14.43189,47.09035,0 14.43187,47.09033,0 14.4318,47.09026,0 14.43146,47.08987,0 14.43122,47.08957,0 14.43112,47.08946,0 14.43101,47.08936,0 14.43081,47.0892,0 14.43035,47.08893,0 14.42954,47.08846,0 14.42912,47.0882,0 14.42896,47.08808,0 14.42883,47.08795,0 14.42875,47.08782,0 14.4287,47.08771,0 14.42867,47.08759,0 14.42865,47.08745,0 14.42867,47.08732,0 14.42875,47.08704,0 14.42914,47.08611,0 14.42921,47.08591,0 14.4293,47.08568,0 14.42935,47.0855,0 14.42951,47.08457,0 14.42952,47.08443,0 14.42951,47.08431,0 14.42948,47.08418,0 14.42943,47.08406,0 14.42936,47.08393,0 14.4289,47.08337,0 14.42869,47.08304,0 14.42854,47.08277,0 14.42843,47.0826,0 14.42837,47.08253,0 14.42827,47.08245,0 14.42816,47.08238,0 14.42799,47.0823,0 14.42746,47.08208,0 14.42732,47.08201,0 14.42714,47.0819,0 14.42698,47.08178,0 14.42659,47.0814,0 14.42633,47.08115,0 14.42605,47.08088,0 14.42589,47.08064,0 14.42583,47.08053,0 14.42566,47.08021,0 14.4256,47.08011,0 14.42546,47.07987,0 14.42537,47.07975,0 14.42534,47.07971,0 14.42518,47.07948,0 14.42505,47.0793,0 14.42502,47.07926,0 14.42486,47.07903,0 14.42476,47.07889,0 14.4247,47.07881,0 14.42454,47.07858,0 14.42432,47.07827,0 14.42424,47.07815,0 14.42417,47.07793,0 14.42416,47.07775,0 14.42418,47.07764,0 14.42425,47.07747,0 14.42431,47.07736,0 14.4244,47.07716,0 14.42455,47.07682,0 14.4248,47.07628,0 14.42488,47.07611,0 14.42501,47.07584,0 14.42518,47.07548,0 14.42535,47.0751,0 14.42552,47.07475,0 14.42562,47.0745,0 14.42568,47.07434,0 14.42584,47.07388,0 14.42592,47.07362,0 14.42598,47.07348,0 14.42609,47.07324,0 14.42621,47.07302,0 14.42648,47.07255,0 14.42658,47.07238,0 14.42664,47.07228,0 14.42694,47.07178,0 14.42698,47.07172,0 14.42702,47.07165,0 14.42715,47.07144,0 14.42718,47.0714,0 14.42735,47.07114,0 14.42755,47.0708,0 14.42758,47.07074,0 14.42766,47.07061,0 14.42781,47.07032,0 14.42798,47.06997,0 14.42813,47.06969,0 14.42823,47.06952,0 14.42841,47.06929,0 14.42848,47.06921,0 14.42856,47.06913,0 14.4293,47.06845,0 14.42936,47.06839,0 14.42948,47.06828,0 14.42962,47.06812,0 14.42976,47.06794,0 14.42984,47.06781,0 14.42999,47.06754,0 14.43008,47.06735,0 14.43012,47.06723,0 14.43022,47.06688,0 14.43025,47.06677,0 14.43035,47.06629,0 14.43042,47.06603,0 14.43066,47.06549,0 14.43093,47.06486,0 14.43115,47.06428,0 14.43122,47.06408,0 14.43128,47.06382,0 14.4313,47.06367,0 14.4313,47.06318,0 14.43134,47.06282,0 14.43136,47.06265,0 14.43137,47.06263,0 14.43142,47.06238,0 14.43149,47.06213,0 14.43156,47.06189,0 14.43159,47.06182,0 14.4317,47.0615,0 14.43191,47.06092,0 14.43197,47.06077,0 14.43205,47.06049,0 14.43216,47.06012,0 14.43228,47.05976,0 14.43268,47.05861,0 14.43291,47.05791,0 14.433,47.05759,0 14.43307,47.05724,0 14.43311,47.05698,0 14.43323,47.05559,0 14.43325,47.05524,0 14.43327,47.05503,0 14.43328,47.05479,0 14.43326,47.05413,0 14.4332,47.05338,0 14.43319,47.05327,0 14.43318,47.0532,0 14.43314,47.05314,0 14.43306,47.05268,0 14.43299,47.05219,0 14.43293,47.05195,0 14.43285,47.05174,0 14.43253,47.05119,0 14.43206,47.05034,0 14.43204,47.05022,0 14.43204,47.05005,0 14.43204,47.04997,0 14.43206,47.04989,0 14.43214,47.04975,0 14.43222,47.04961,0 14.43235,47.04941,0 14.43249,47.04919,0 14.43255,47.04897,0 14.43256,47.04886,0 14.43258,47.04875,0 14.43259,47.0485,0 14.43257,47.04811,0 14.43256,47.0479,0 14.43255,47.04737,0 14.43253,47.04722,0 14.43245,47.04699,0 14.43234,47.04682,0 14.43224,47.04672,0 14.43212,47.04663,0 14.43193,47.04653,0 14.43167,47.04646,0 14.4315,47.04645,0 14.43107,47.04646,0 14.43084,47.04642,0 14.43065,47.04638,0 14.43044,47.04631,0 14.43023,47.0462,0 14.43009,47.04609,0 14.42987,47.0459,0 14.42953,47.04556,0 14.42944,47.04549,0 14.42934,47.04545,0 14.42924,47.04542,0 14.42913,47.04541,0 14.42899,47.0454,0 14.4284,47.04538,0 14.42821,47.04537,0 14.42796,47.04533,0 14.42771,47.04529,0 14.42728,47.04517,0 14.4271,47.04507,0 14.42694,47.04495,0 14.42681,47.04481,0 14.42658,47.04449,0 14.42628,47.044,0 14.42598,47.04347,0 14.4258,47.04309,0 14.42574,47.04294,0 14.42572,47.04281,0 14.42572,47.04265,0 14.42577,47.04246,0 14.42625,47.04142,0 14.42629,47.04132,0 14.4263,47.04122,0 14.42631,47.04102,0 14.42634,47.04084,0 14.42639,47.04065,0 14.42649,47.04045,0 14.4266,47.04026,0 14.42682,47.0399,0 14.42699,47.03959,0 14.42707,47.03943,0 14.42711,47.03927,0 14.42713,47.03911,0 14.42713,47.03895,0 14.42707,47.03875,0 14.42702,47.03867,0 14.4269,47.03852,0 14.42673,47.03837,0 14.42653,47.03826,0 14.42629,47.03814,0 14.42574,47.03795,0 14.42549,47.03788,0 14.424,47.03736,0 14.42323,47.03704,0 14.42275,47.0368,0 14.42102,47.03589,0 14.42004,47.03537,0 14.41919,47.03491,0 14.41876,47.03466,0 14.41844,47.03445,0 14.41806,47.03417,0 14.41791,47.03403,0 14.41769,47.03381,0 14.41752,47.03361,0 14.41736,47.03341,0 14.41725,47.03325,0 14.41711,47.03299,0 14.41659,47.03199,0 14.41644,47.03164,0 14.41634,47.03139,0 14.41625,47.0311,0 14.4162,47.03082,0 14.41617,47.03047,0 14.41617,47.03023,0 14.41623,47.02982,0 14.41635,47.02941,0 14.41652,47.02904,0 14.41675,47.02866,0 14.41732,47.02788,0 14.41745,47.02766,0 14.41757,47.02742,0 14.41767,47.02719,0 14.41775,47.02694,0 14.41783,47.02661,0 14.41785,47.02626,0 14.41784,47.02591,0 14.41778,47.02554,0 14.41765,47.02513,0 14.41749,47.02476,0 14.41726,47.02441,0 14.41699,47.02407,0 14.41642,47.02332,0 14.41581,47.02257,0 14.41553,47.02209,0 14.41504,47.02103,0 14.41493,47.02083,0 14.41482,47.02063,0 14.41466,47.02042,0 14.41448,47.02019,0 14.41421,47.01992,0 14.41397,47.01971,0 14.41372,47.01951,0 14.41341,47.01931,0 14.41308,47.01911,0 14.41269,47.0189,0 14.41229,47.01868,0 14.41217,47.01861,0 14.41199,47.01851,0 14.41163,47.01825,0 14.41149,47.01814,0 14.41132,47.018,0 14.41101,47.01771,0 14.4108,47.01752,0 14.41056,47.01734,0 14.41028,47.01714,0 14.41,47.01694,0 14.40965,47.01669,0 14.40945,47.01653,0 14.40922,47.01631,0 14.409,47.01608,0 14.40834,47.01524,0 14.40788,47.01469,0 14.40755,47.01431,0 14.40687,47.01358,0 14.40669,47.01337,0 14.40656,47.01319,0 14.40644,47.01302,0 14.40631,47.01279,0 14.40621,47.01257,0 14.40612,47.01235,0 14.40589,47.01163,0 14.40582,47.01148,0 14.40567,47.01121,0 14.40551,47.01099,0 14.4054,47.01084,0 14.40537,47.01082,0</coordinates>
          </LineString>
        </Placemark>
      </Folder>
      <Folder>
        <name>VII — Tourisme</name>
        <open>0</open>
        <Placemark>
          <name>Seg. 1 — 33.0 km (à pied)</name>
          <styleUrl>#route_p7</styleUrl>
          <LineString>
            <tessellate>1</tessellate>
            <coordinates>14.40537,47.01082,0 14.40525,47.0107,0 14.40502,47.01048,0 14.40476,47.01029,0 14.40446,47.01009,0 14.40412,47.00991,0 14.40373,47.00974,0 14.40334,47.0096,0 14.403,47.00951,0 14.40239,47.00936,0 14.4023,47.00934,0 14.40225,47.00933,0 14.4018,47.00922,0 14.40144,47.00912,0 14.40126,47.00905,0 14.40106,47.00897,0 14.40081,47.00885,0 14.40061,47.00872,0 14.40044,47.00861,0 14.40027,47.00847,0 14.40011,47.00832,0 14.39997,47.00816,0 14.39984,47.00797,0 14.39974,47.00779,0 14.39967,47.00761,0 14.39961,47.00739,0 14.39953,47.00694,0 14.39947,47.00665,0 14.39941,47.00641,0 14.39932,47.00618,0 14.39919,47.00594,0 14.39904,47.0057,0 14.39877,47.00538,0 14.39845,47.00508,0 14.39813,47.00483,0 14.39752,47.00439,0 14.39727,47.00418,0 14.39708,47.004,0 14.39688,47.00375,0 14.39646,47.00308,0 14.39634,47.00293,0 14.39621,47.00277,0 14.39605,47.00262,0 14.39581,47.00241,0 14.3956,47.00225,0 14.39544,47.00214,0 14.39528,47.00205,0 14.39476,47.00178,0 14.39448,47.00162,0 14.39428,47.00149,0 14.39415,47.00139,0 14.39398,47.00122,0 14.39385,47.00108,0 14.39344,47.0005,0 14.39282,46.99965,0 14.39218,46.99882,0 14.39206,46.99862,0 14.39193,46.99837,0 14.39184,46.9981,0 14.39177,46.99788,0 14.39169,46.9975,0 14.39166,46.99735,0 14.39164,46.99728,0 14.39153,46.99672,0 14.39141,46.99618,0 14.39132,46.99583,0 14.39127,46.99568,0 14.39106,46.99519,0 14.39096,46.99493,0 14.39089,46.99475,0 14.39083,46.99462,0 14.39063,46.99411,0 14.39007,46.99246,0 14.39005,46.99241,0 14.38989,46.99189,0 14.38983,46.9916,0 14.3898,46.9914,0 14.38977,46.99105,0 14.38976,46.99077,0 14.38976,46.99059,0 14.38979,46.99016,0 14.3898,46.99008,0 14.38983,46.98985,0 14.38996,46.98929,0 14.39026,46.98841,0 14.39032,46.98817,0 14.39034,46.98809,0 14.39037,46.98784,0 14.39038,46.98775,0 14.39047,46.98717,0 14.39106,46.98383,0 14.39126,46.98282,0 14.39139,46.9821,0 14.39142,46.98191,0 14.39158,46.98106,0 14.39168,46.9806,0 14.39171,46.98043,0 14.39176,46.98021,0 14.39178,46.98011,0 14.3919,46.97953,0 14.39223,46.97813,0 14.39212,46.97809,0 14.39212,46.978,0 14.39225,46.97742,0 14.39242,46.97676,0 14.39263,46.97608,0 14.39314,46.97455,0 14.39315,46.97449,0 14.39314,46.97443,0 14.39308,46.97432,0 14.39304,46.97428,0 14.39304,46.97419,0 14.39313,46.97352,0 14.39318,46.973,0 14.39323,46.97272,0 14.3934,46.97188,0 14.39344,46.97171,0 14.39345,46.97164,0 14.39366,46.97156,0 14.39374,46.97134,0 14.39387,46.97096,0 14.39393,46.97076,0 14.39399,46.97048,0 14.39424,46.96963,0 14.39458,46.96867,0 14.39518,46.96717,0 14.39567,46.96592,0 14.39566,46.96581,0 14.39564,46.96568,0 14.39563,46.96563,0 14.39603,46.9655,0 14.39622,46.96539,0 14.39636,46.96531,0 14.39649,46.96517,0 14.39661,46.96496,0 14.39663,46.96491,0 14.39664,46.96489,0 14.39665,46.96481,0 14.39663,46.96476,0 14.39664,46.96471,0 14.3967,46.96466,0 14.39675,46.96462,0 14.39679,46.96452,0 14.39682,46.96433,0 14.39687,46.96426,0 14.39699,46.96415,0 14.39751,46.96369,0 14.39796,46.9633,0 14.39861,46.96274,0 14.39868,46.96269,0 14.39907,46.96236,0 14.39925,46.96221,0 14.39954,46.96198,0 14.3998,46.96175,0 14.4004,46.96126,0 14.40082,46.96087,0 14.40092,46.96076,0 14.401,46.96065,0 14.40107,46.96046,0 14.40109,46.96034,0 14.40109,46.96024,0 14.40108,46.96013,0 14.40108,46.96008,0 14.40103,46.95894,0 14.40102,46.95846,0 14.40104,46.95822,0 14.401,46.9581,0 14.40094,46.95805,0 14.40085,46.958,0 14.40081,46.95798,0 14.40103,46.95783,0 14.4011,46.95776,0 14.40115,46.95769,0 14.40148,46.95689,0 14.40158,46.95663,0 14.40161,46.95654,0 14.40162,46.95642,0 14.4016,46.9563,0 14.40154,46.95616,0 14.4015,46.95611,0 14.4013,46.95592,0 14.40122,46.95585,0 14.40111,46.95573,0 14.40107,46.95566,0 14.40105,46.95561,0 14.40105,46.95552,0 14.40108,46.95543,0 14.40118,46.95519,0 14.4013,46.95497,0 14.40139,46.95487,0 14.4016,46.95471,0 14.40195,46.95442,0 14.40216,46.95424,0 14.40262,46.95385,0 14.4031,46.95343,0 14.40382,46.95272,0 14.40387,46.95267,0 14.40398,46.95256,0 14.40415,46.95242,0 14.40484,46.95197,0 14.40502,46.95182,0 14.40528,46.95158,0 14.40548,46.95145,0 14.40571,46.95134,0 14.40584,46.95127,0 14.40592,46.9512,0 14.40598,46.95113,0 14.40602,46.95105,0 14.40603,46.95102,0 14.4061,46.95079,0 14.4061,46.95074,0 14.40607,46.95069,0 14.40596,46.95055,0 14.40595,46.9505,0 14.40598,46.95036,0 14.40607,46.95016,0 14.40656,46.94958,0 14.40674,46.94938,0 14.40679,46.94934,0 14.40695,46.94922,0 14.40709,46.94914,0 14.40718,46.94911,0 14.4081,46.94879,0 14.40897,46.94852,0 14.40935,46.94842,0 14.40962,46.94837,0 14.41007,46.94833,0 14.41033,46.94832,0 14.41048,46.9483,0 14.4106,46.94826,0 14.41074,46.9482,0 14.41086,46.94812,0 14.41112,46.94786,0 14.41117,46.94782,0 14.4114,46.94759,0 14.41168,46.94729,0 14.41218,46.94681,0 14.41225,46.94674,0 14.4127,46.94629,0 14.41296,46.94608,0 14.41334,46.94583,0 14.41407,46.9454,0 14.41578,46.94441,0 14.41748,46.9434,0 14.41834,46.94291,0 14.42044,46.94167,0 14.42072,46.94147,0 14.42105,46.94122,0 14.42133,46.94098,0 14.42165,46.94066,0 14.42184,46.94044,0 14.42191,46.94035,0 14.42222,46.9399,0 14.42238,46.93962,0 14.42247,46.93941,0 14.42254,46.93923,0 14.42336,46.93701,0 14.42339,46.93693,0 14.42379,46.93586,0 14.42402,46.93535,0 14.42469,46.934,0 14.42543,46.93248,0 14.42647,46.93043,0 14.42723,46.92887,0 14.42746,46.92836,0 14.42765,46.92782,0 14.42773,46.92755,0 14.42778,46.92728,0 14.4278,46.92704,0 14.4278,46.9268,0 14.42778,46.92657,0 14.42773,46.92632,0 14.42765,46.92609,0 14.42745,46.92562,0 14.4274,46.92543,0 14.42737,46.92525,0 14.42736,46.92504,0 14.42737,46.92487,0 14.42739,46.92466,0 14.42741,46.92459,0 14.42744,46.92449,0 14.42749,46.92433,0 14.42762,46.92405,0 14.42778,46.92367,0 14.42785,46.92339,0 14.4279,46.92311,0 14.42793,46.92264,0 14.42797,46.92241,0 14.42805,46.92214,0 14.42817,46.9219,0 14.42833,46.92164,0 14.42854,46.92137,0 14.42874,46.92117,0 14.42891,46.92102,0 14.42938,46.92066,0 14.42955,46.92048,0 14.4297,46.92027,0 14.42978,46.92007,0 14.42983,46.91991,0 14.43,46.9193,0 14.43098,46.9156,0 14.43108,46.91525,0 14.43109,46.91495,0 14.43107,46.91485,0 14.43103,46.91477,0 14.43097,46.91471,0 14.4309,46.91468,0 14.4308,46.91465,0 14.43072,46.91463,0 14.43017,46.9146,0 14.43007,46.91457,0 14.4299,46.91449,0 14.42985,46.91441,0 14.42983,46.91435,0 14.42982,46.91425,0 14.42985,46.91416,0 14.4299,46.91409,0 14.43001,46.91388,0 14.43012,46.91373,0 14.43035,46.91354,0 14.43046,46.91349,0 14.43054,46.91347,0 14.43072,46.91344,0 14.43088,46.91345,0 14.43126,46.9135,0 14.4322,46.91362,0 14.43282,46.91369,0 14.43284,46.91353,0 14.43292,46.91265,0 14.43306,46.91213,0 14.43328,46.91164,0 14.43341,46.91134,0 14.43352,46.91103,0 14.43352,46.91092,0 14.43355,46.91036,0 14.43361,46.90964,0 14.4338,46.90901,0 14.43395,46.90868,0 14.43404,46.90854,0 14.43427,46.90817,0 14.43523,46.9065,0 14.43533,46.90624,0 14.43536,46.90615,0 14.43555,46.90541,0 14.43563,46.90509,0 14.43584,46.90447,0 14.43606,46.90391,0 14.4361,46.90381,0 14.43621,46.90356,0 14.43632,46.9034,0 14.43645,46.90326,0 14.43668,46.90307,0 14.43688,46.90291,0 14.43708,46.90276,0 14.43724,46.9025,0 14.43745,46.9021,0 14.43761,46.90189,0 14.43787,46.90171,0 14.43796,46.90165,0 14.43827,46.90149,0 14.43897,46.90115,0 14.43908,46.90111,0 14.43935,46.90104,0 14.43967,46.90099,0 14.43989,46.90093,0 14.44,46.9009,0 14.44011,46.90075,0 14.44026,46.90057,0 14.44053,46.90026,0 14.44073,46.90008,0 14.44089,46.89994,0 14.44182,46.89924,0 14.44197,46.8991,0 14.44206,46.89902,0 14.44233,46.89874,0 14.44264,46.89841,0 14.44283,46.89819,0 14.44289,46.89809,0 14.44315,46.89764,0 14.44349,46.89722,0 14.44468,46.89574,0 14.44487,46.89551,0 14.44508,46.89525,0 14.44533,46.89494,0 14.44549,46.8947,0 14.44555,46.89459,0 14.44562,46.89439,0 14.44563,46.89428,0 14.44563,46.89418,0 14.44562,46.89405,0 14.44557,46.89394,0 14.44551,46.89383,0 14.44543,46.89372,0 14.44536,46.89366,0 14.44524,46.89356,0 14.445,46.8934,0 14.44397,46.89301,0 14.44353,46.89281,0 14.44293,46.89249,0 14.44267,46.89232,0 14.44184,46.89175,0 14.44068,46.89093,0 14.44036,46.89068,0 14.4403,46.89063,0 14.44008,46.89044,0 14.43991,46.89029,0 14.43982,46.89019,0 14.4395,46.88969,0 14.43942,46.88948,0 14.43935,46.88916,0 14.43934,46.889,0 14.43935,46.88881,0 14.4394,46.88852,0 14.43943,46.88845,0 14.43949,46.8883,0 14.43966,46.888,0 14.4397,46.88794,0 14.4399,46.8877,0 14.44009,46.88749,0 14.44016,46.88741,0 14.44071,46.88692,0 14.44107,46.88665,0 14.44144,46.88644,0 14.44184,46.88626,0 14.44236,46.88604,0 14.44293,46.88573,0 14.44313,46.88558,0 14.44336,46.88539,0 14.44358,46.88517,0 14.44369,46.88504,0 14.44448,46.88407,0 14.44442,46.88402,0 14.4452,46.88307,0 14.44586,46.88242,0 14.44622,46.88216,0 14.44716,46.88152,0 14.44876,46.88046,0 14.44907,46.88024,0 14.4497,46.87965,0 14.44984,46.87949,0 14.45008,46.8792,0 14.45023,46.87897,0 14.45056,46.87839,0 14.45067,46.8781,0 14.45074,46.87782,0 14.45085,46.87719,0 14.45087,46.87671,0 14.45093,46.87668,0 14.45089,46.87631,0 14.45082,46.8759,0 14.45074,46.87555,0 14.45065,46.87522,0 14.45053,46.87489,0 14.4504,46.87456,0 14.44988,46.87338,0 14.44945,46.87243,0 14.44914,46.87171,0 14.44903,46.87138,0 14.44893,46.87104,0 14.44885,46.87073,0 14.44879,46.87042,0 14.44848,46.86825,0 14.44845,46.86804,0 14.44839,46.86774,0 14.44826,46.86727,0 14.44801,46.8668,0 14.44745,46.86603,0 14.44685,46.86514,0 14.44654,46.86458,0 14.44643,46.86418,0 14.4463,46.86355,0 14.44624,46.86312,0 14.44618,46.86203,0 14.44615,46.86172,0 14.44609,46.86148,0 14.446,46.86118,0 14.44595,46.86088,0 14.44592,46.86056,0 14.44578,46.86005,0 14.44578,46.86002,0 14.44572,46.85962,0 14.44567,46.85951,0 14.44578,46.85917,0 14.44599,46.85883,0 14.44656,46.85817,0 14.44681,46.85777,0 14.44684,46.85773,0 14.44697,46.85733,0 14.44716,46.85592,0 14.44744,46.85457,0 14.44785,46.85301,0 14.44793,46.85248,0 14.44797,46.8518,0 14.44786,46.84893,0 14.44783,46.84772,0 14.44774,46.84552,0 14.44767,46.84485,0 14.44759,46.8442,0 14.44751,46.84383,0 14.44742,46.84345,0 14.44734,46.84316,0 14.44723,46.84284,0 14.44703,46.84229,0 14.4468,46.84173,0 14.44669,46.84147,0 14.44631,46.84049,0 14.44613,46.83996,0 14.4461,46.83982,0 14.44603,46.83944,0 14.44601,46.83934,0 14.44595,46.83901,0 14.44592,46.83886,0 14.44642,46.83879,0 14.44651,46.83871,0 14.44652,46.83862,0 14.44626,46.83819,0 14.44581,46.8373,0 14.44566,46.83696,0 14.44535,46.83639,0 14.44487,46.83563,0 14.44482,46.83551,0 14.44473,46.83519,0 14.44469,46.83493,0 14.44457,46.83451,0 14.44444,46.83418,0 14.44437,46.83403,0 14.44411,46.83356,0 14.44377,46.83303,0 14.44368,46.83288,0 14.4433,46.8323,0 14.4424,46.83106,0 14.44227,46.83089,0 14.44166,46.83004,0 14.44139,46.82964,0 14.44098,46.82903,0 14.44075,46.82862,0 14.44008,46.82711,0 14.43995,46.82666,0 14.43973,46.82611,0 14.43963,46.8259,0 14.43917,46.82507,0 14.43853,46.82324,0 14.43837,46.82293,0 14.4382,46.82265,0 14.43744,46.82153,0 14.43724,46.82127,0 14.4372,46.82121,0 14.437,46.82131,0 14.4368,46.82143,0 14.43668,46.82149,0 14.43656,46.8215,0 14.43643,46.82148,0 14.43629,46.82143,0 14.43599,46.82119,0 14.43573,46.82097,0 14.43571,46.82093,0 14.43571,46.8209,0 14.43576,46.82078,0 14.43575,46.82068,0 14.43569,46.82063,0 14.43567,46.82052,0 14.4353,46.82028,0 14.43453,46.81979,0 14.43372,46.81927,0 14.43326,46.81896,0 14.43286,46.81864,0 14.43254,46.81829,0 14.43227,46.81795,0 14.43207,46.81764,0 14.43194,46.81741,0 14.43175,46.81708,0 14.43148,46.81663,0 14.4312,46.81625,0 14.43097,46.81601,0 14.43065,46.81571,0 14.4304,46.81552,0 14.43015,46.81535,0 14.42995,46.81522,0 14.42972,46.81509,0 14.42894,46.8147,0 14.4285,46.8145,0 14.42808,46.81429,0 14.42772,46.81406,0 14.42738,46.81383,0 14.42714,46.81365,0 14.42606,46.81273,0 14.42547,46.81224,0 14.4252,46.81204,0 14.42498,46.81189,0 14.42459,46.81165,0 14.42409,46.81137,0 14.42285,46.81082,0 14.41915,46.80923,0 14.4159,46.80784,0 14.41413,46.80699,0 14.41354,46.80667,0 14.41309,46.80642,0 14.41263,46.80614,0 14.41234,46.80595,0 14.41154,46.80544,0 14.41109,46.80518,0 14.41063,46.80493,0 14.40972,46.80447,0 14.40936,46.8043,0 14.4082,46.80382,0 14.40754,46.80358,0 14.40715,46.80344,0 14.40578,46.80298,0 14.40513,46.80275,0 14.40453,46.80253,0 14.40402,46.80233,0 14.40354,46.80213,0 14.40347,46.80211,0 14.40321,46.80201,0 14.40242,46.80166,0 14.40215,46.80156,0 14.4019,46.8015,0 14.40178,46.80147,0 14.40166,46.80143,0 14.40151,46.80138,0 14.40127,46.80131,0 14.40111,46.80126,0 14.40086,46.80116,0 14.40077,46.80113,0 14.40034,46.80104,0 14.39978,46.80093,0 14.39909,46.80082,0 14.39826,46.80071,0 14.39764,46.80061,0 14.39717,46.80052,0 14.39663,46.8004,0 14.39609,46.80026,0 14.39569,46.80014,0 14.39526,46.79999,0 14.39523,46.79998,0 14.395,46.79999,0 14.39475,46.79995,0 14.39425,46.79985,0 14.39391,46.79974,0 14.3937,46.79967,0 14.39347,46.79957,0 14.39303,46.79929,0 14.393,46.79924,0 14.393,46.7992,0 14.39302,46.79916,0 14.39295,46.79916,0 14.3929,46.79916,0 14.39284,46.79914,0 14.39255,46.79898,0 14.39243,46.79892,0 14.39231,46.79886,0 14.39217,46.79881,0 14.3916,46.79866,0 14.3913,46.79856,0 14.39104,46.79846,0 14.39083,46.79835,0 14.39065,46.79823,0 14.39047,46.7981,0 14.39032,46.79794,0 14.39024,46.79783,0 14.39019,46.79774,0 14.39014,46.79762,0 14.39013,46.79747,0 14.39017,46.7971,0 14.39021,46.79695,0 14.39018,46.79678,0 14.3903,46.79551,0 14.39029,46.79533,0 14.39024,46.79487,0 14.39018,46.79472,0 14.38979,46.79431,0 14.38938,46.79392,0 14.38897,46.79355,0 14.38839,46.79311,0 14.38742,46.7923,0 14.38703,46.79194,0 14.38674,46.79159,0 14.38612,46.79107,0 14.38455,46.78988,0 14.3836,46.78922,0 14.38154,46.78791,0 14.38074,46.78734,0 14.3807,46.78731,0 14.38042,46.78716,0 14.38029,46.78706,0 14.38021,46.78697,0 14.38005,46.78683,0 14.37981,46.78659,0 14.37969,46.78643,0 14.37937,46.78596,0 14.37919,46.78571,0 14.37898,46.78549,0 14.37876,46.78531,0 14.37851,46.78514,0 14.37733,46.78443,0 14.37721,46.78436,0 14.37698,46.78419,0 14.37664,46.78389,0 14.37646,46.78371,0 14.37638,46.78366,0 14.37627,46.78355,0 14.3762,46.78345,0 14.37609,46.78333,0 14.37593,46.78319,0 14.37536,46.7827,0 14.37458,46.78209,0 14.37361,46.78128,0 14.3729,46.7807,0 14.3722,46.78019,0 14.37123,46.77953,0 14.37092,46.77935,0 14.37047,46.77902,0 14.3702,46.77874,0 14.36998,46.77844,0 14.36991,46.77818,0 14.36982,46.77777,0 14.36985,46.77744,0 14.36991,46.7772,0 14.37026,46.77622,0 14.37019,46.77619,0 14.37015,46.77615,0 14.3701,46.77608,0 14.37005,46.77597,0 14.36991,46.77552,0 14.36986,46.77543,0 14.3698,46.77535,0 14.36973,46.77528,0 14.36967,46.77523,0 14.36952,46.77514,0 14.36865,46.77481,0 14.36795,46.77453,0 14.36738,46.77429,0 14.36707,46.77417,0 14.36655,46.77388,0 14.36558,46.77322,0 14.3655,46.77316,0 14.36464,46.77264,0 14.36439,46.77249,0 14.3643,46.77244,0 14.36404,46.77228,0 14.36328,46.77185,0 14.3631,46.77174,0 14.36275,46.77157,0 14.36245,46.77142,0 14.36229,46.77134,0 14.36198,46.77118,0 14.36162,46.77097,0 14.36125,46.77074,0 14.36109,46.77063,0 14.36053,46.77024,0 14.36015,46.77001,0 14.36008,46.76997,0 14.35983,46.76982,0 14.35974,46.76977,0 14.35966,46.76973,0 14.35932,46.76958,0 14.35935,46.76954,0 14.35938,46.76943,0 14.35948,46.76935,0 14.35969,46.7692,0 14.35972,46.76917,0 14.35981,46.7691,0 14.36001,46.76895,0 14.36012,46.76888,0 14.36017,46.76887,0 14.36032,46.76885,0 14.36045,46.76883,0 14.36051,46.76882,0 14.36056,46.76879,0 14.36066,46.76873,0 14.3607,46.7687,0 14.36055,46.76858,0 14.36054,46.76855,0 14.36045,46.76856,0 14.36031,46.76856,0 14.35981,46.76831,0 14.36015,46.76802,0</coordinates>
          </LineString>
        </Placemark>
        <Placemark>
          <name>Seg. 2 — 15.0 km (à pied)</name>
          <styleUrl>#route_p7</styleUrl>
          <LineString>
            <tessellate>1</tessellate>
            <coordinates>13.97987,46.66999,0 13.97995,46.66945,0 13.97995,46.66941,0 13.97994,46.66937,0 13.97982,46.66922,0 13.97981,46.66919,0 13.97956,46.66878,0 13.97954,46.66873,0 13.97923,46.66825,0 13.97912,46.66813,0 13.97896,46.66794,0 13.9788,46.66786,0 13.97875,46.66786,0 13.97854,46.66794,0 13.97847,46.66796,0 13.97832,46.66767,0 13.97817,46.66736,0 13.97795,46.66681,0 13.97774,46.66629,0 13.97757,46.66587,0 13.9774,46.66555,0 13.97721,46.66531,0 13.97704,46.66513,0 13.97683,46.66493,0 13.97664,46.66477,0 13.97634,46.66455,0 13.97604,46.66434,0 13.97566,46.66413,0 13.9755,46.66401,0 13.97515,46.66372,0 13.97486,46.66353,0 13.97459,46.66335,0 13.97406,46.66295,0 13.97359,46.66256,0 13.97328,46.66226,0 13.97296,46.66196,0 13.97266,46.66165,0 13.97254,46.66155,0 13.97235,46.66141,0 13.97215,46.66128,0 13.97201,46.66121,0 13.97185,46.66113,0 13.97162,46.66104,0 13.97145,46.66099,0 13.97129,46.66095,0 13.97095,46.66088,0 13.97058,46.66086,0 13.97049,46.66084,0 13.97032,46.6608,0 13.96927,46.66052,0 13.96911,46.66047,0 13.96823,46.66017,0 13.96786,46.66005,0 13.96723,46.65988,0 13.9669,46.65982,0 13.9667,46.65979,0 13.96619,46.65973,0 13.9654,46.65961,0 13.96482,46.65954,0 13.96418,46.65948,0 13.96389,46.65946,0 13.96378,46.65947,0 13.96368,46.65947,0 13.96354,46.6595,0 13.96331,46.65952,0 13.96313,46.65951,0 13.96294,46.65953,0 13.96285,46.65953,0 13.96198,46.65965,0 13.96114,46.65972,0 13.96032,46.65976,0 13.95897,46.65991,0 13.95838,46.66001,0 13.95763,46.66014,0 13.95723,46.6602,0 13.95703,46.66022,0 13.95661,46.66022,0 13.95635,46.6602,0 13.95608,46.66017,0 13.95577,46.66011,0 13.95514,46.65998,0 13.9538,46.65981,0 13.95312,46.65973,0 13.9528,46.65974,0 13.95228,46.65977,0 13.95214,46.65976,0 13.95188,46.65973,0 13.95168,46.65969,0 13.9514,46.6596,0 13.95124,46.65953,0 13.95099,46.65941,0 13.94995,46.65886,0 13.94964,46.6587,0 13.94936,46.65859,0 13.94917,46.65853,0 13.94904,46.6585,0 13.94888,46.65847,0 13.94869,46.65844,0 13.94803,46.65839,0 13.94748,46.65834,0 13.94718,46.65829,0 13.94689,46.65823,0 13.94627,46.65807,0 13.94569,46.65792,0 13.94571,46.65786,0 13.94573,46.65781,0 13.94552,46.65775,0 13.94542,46.6577,0 13.94521,46.65764,0 13.94506,46.65758,0 13.945,46.65757,0 13.94482,46.65758,0 13.94475,46.65757,0 13.94439,46.65748,0 13.94337,46.65723,0 13.94299,46.65711,0 13.94292,46.65709,0 13.94277,46.65704,0 13.94248,46.65691,0 13.94238,46.65686,0 13.94216,46.65673,0 13.94183,46.65651,0 13.94179,46.65647,0 13.94174,46.65643,0 13.94161,46.65631,0 13.94111,46.65586,0 13.9407,46.65545,0 13.94067,46.65542,0 13.94064,46.65537,0 13.94058,46.6553,0 13.94048,46.65518,0 13.94032,46.65508,0 13.9402,46.65496,0 13.93986,46.65462,0 13.93946,46.6543,0 13.93921,46.65414,0 13.93896,46.65401,0 13.93833,46.65375,0 13.93745,46.65342,0 13.93688,46.65324,0 13.93659,46.65318,0 13.93629,46.65313,0 13.93597,46.6531,0 13.93588,46.6531,0 13.93516,46.65312,0 13.93491,46.65312,0 13.93475,46.65312,0 13.93466,46.65311,0 13.9346,46.6531,0 13.934,46.65292,0 13.93374,46.65284,0 13.9335,46.65281,0 13.93333,46.65277,0 13.93245,46.65257,0 13.93171,46.65244,0 13.93142,46.65242,0 13.931,46.65241,0 13.93036,46.65246,0 13.92961,46.65257,0 13.92953,46.65257,0 13.9294,46.65259,0 13.92915,46.65259,0 13.92887,46.65259,0 13.92859,46.65257,0 13.9284,46.65255,0 13.92783,46.65243,0 13.92757,46.65239,0 13.9273,46.65236,0 13.92707,46.65234,0 13.92679,46.65234,0 13.9265,46.65236,0 13.9254,46.65246,0 13.92507,46.65249,0 13.92479,46.6525,0 13.92433,46.65249,0 13.92404,46.65246,0 13.92367,46.65243,0 13.92177,46.6522,0 13.92149,46.65219,0 13.92097,46.65221,0 13.92006,46.65227,0 13.91969,46.65228,0 13.91931,46.65228,0 13.91909,46.65226,0 13.91892,46.65222,0 13.91843,46.65212,0 13.91836,46.6521,0 13.91826,46.65205,0 13.9182,46.65203,0 13.9181,46.65199,0 13.91796,46.65193,0 13.91752,46.65177,0 13.91704,46.65153,0 13.9162,46.65108,0 13.9157,46.65086,0 13.91537,46.65074,0 13.91503,46.65063,0 13.91464,46.65055,0 13.91421,46.65051,0 13.91351,46.65047,0 13.91313,46.65044,0 13.9129,46.65041,0 13.91268,46.65035,0 13.91232,46.65024,0 13.91212,46.65016,0 13.91179,46.65006,0 13.91169,46.65003,0 13.91146,46.64999,0 13.91117,46.64997,0 13.91103,46.64997,0 13.91087,46.64997,0 13.91037,46.65004,0 13.91019,46.65008,0 13.91005,46.65013,0 13.90991,46.6502,0 13.90947,46.65038,0 13.90922,46.65046,0 13.90896,46.65053,0 13.90861,46.6506,0 13.90824,46.65063,0 13.90747,46.65073,0 13.90651,46.65074,0 13.90603,46.65067,0 13.90557,46.65056,0 13.90489,46.65033,0 13.90457,46.65024,0 13.90427,46.65015,0 13.90399,46.65007,0 13.90372,46.65001,0 13.90361,46.64999,0 13.90342,46.64996,0 13.90315,46.64993,0 13.90281,46.6499,0 13.90251,46.6499,0 13.90232,46.6499,0 13.90172,46.64992,0 13.90101,46.64994,0 13.90071,46.64993,0 13.90039,46.64989,0 13.90007,46.64981,0 13.89958,46.64965,0 13.89898,46.64945,0 13.89895,46.6495,0 13.89894,46.64952,0 13.89882,46.64956,0 13.89877,46.64958,0 13.89847,46.64958,0 13.89798,46.64955,0 13.89778,46.64959,0 13.89724,46.6497,0 13.89699,46.64976,0 13.89681,46.64977,0 13.89625,46.64972,0 13.89593,46.64975,0 13.8956,46.64975,0 13.89538,46.64972,0 13.89523,46.6497,0 13.89517,46.64969,0 13.89494,46.64957,0 13.89451,46.64932,0 13.89415,46.64912,0 13.89395,46.64902,0 13.89367,46.64892,0 13.89312,46.64864,0 13.89249,46.64823,0 13.8923,46.64806,0 13.89182,46.64743,0 13.89174,46.64736,0 13.89164,46.64728,0 13.89123,46.64704,0 13.89108,46.64695,0 13.89097,46.64693,0 13.89099,46.64698,0 13.89097,46.64718,0 13.89098,46.64752,0 13.89097,46.64759,0 13.89092,46.64761,0 13.89088,46.64762,0 13.89087,46.64762,0 13.89084,46.64764,0 13.89064,46.64753,0 13.89051,46.64746,0 13.88984,46.64704,0 13.88973,46.64699,0 13.88962,46.64694,0 13.88956,46.64693,0 13.88932,46.64691,0 13.88925,46.64689,0 13.88921,46.64687,0 13.88912,46.64679,0 13.88911,46.64677,0 13.88909,46.64672,0 13.88916,46.64647,0 13.88916,46.64643,0 13.88915,46.64639,0 13.88902,46.64615,0 13.88894,46.64603,0 13.8889,46.64599,0 13.88869,46.64586,0 13.88862,46.64581,0 13.88854,46.6457,0 13.88852,46.64566,0 13.8885,46.64557,0 13.88851,46.64551,0 13.88855,46.6454,0 13.88874,46.64497,0 13.88876,46.6449,0 13.88876,46.64478,0 13.88874,46.64468,0 13.88869,46.64455,0 13.88864,46.64449,0 13.88818,46.6442,0 13.8881,46.64414,0 13.88802,46.64406,0 13.88797,46.644,0 13.88781,46.64365,0 13.88773,46.64348,0 13.8875,46.64306,0 13.8874,46.64292,0 13.88731,46.64282,0 13.88712,46.64268,0 13.88672,46.64241,0 13.88666,46.64238,0 13.88665,46.64236,0 13.88664,46.64227,0 13.88662,46.64221,0 13.88635,46.64194,0 13.88612,46.6416,0 13.88598,46.64133,0 13.88595,46.6413,0 13.88591,46.64128,0 13.88589,46.64128,0 13.88586,46.64128,0 13.88552,46.64132,0 13.88566,46.641,0 13.8857,46.64089,0 13.88574,46.64073,0 13.88575,46.64067,0 13.88572,46.64032,0 13.8856,46.64031,0 13.88525,46.64031,0 13.88522,46.64031,0 13.88522,46.6402,0 13.8852,46.64009,0 13.88511,46.63982,0 13.88499,46.63934,0 13.88488,46.63905,0 13.88476,46.63882,0 13.88459,46.63865,0 13.88437,46.63848,0 13.88411,46.63833,0 13.88325,46.63792,0 13.883,46.63775,0 13.8827,46.6375,0 13.88251,46.63731,0 13.88243,46.6372,0 13.88226,46.63694,0 13.88214,46.6367,0 13.88204,46.63638,0 13.88199,46.63634,0 13.88193,46.63631,0 13.8819,46.63629,0 13.88194,46.63627,0 13.88231,46.63611,0 13.88233,46.6361,0 13.88229,46.63607,0 13.88219,46.63603,0 13.88208,46.63585,0 13.88207,46.63581,0 13.88208,46.63578,0 13.88205,46.63573,0 13.88194,46.63559,0 13.88172,46.6351,0 13.8816,46.63486,0 13.88143,46.6346,0 13.88123,46.63435,0 13.88064,46.6336,0 13.88048,46.63345,0 13.8804,46.6334,0 13.88021,46.6333,0 13.87998,46.6332,0 13.87984,46.63305,0 13.87982,46.633,0 13.87981,46.63296,0 13.87984,46.63291,0 13.88019,46.63262,0 13.88022,46.63256,0 13.88021,46.63251,0 13.87978,46.63223,0 13.87963,46.63213,0 13.87943,46.63197,0 13.87927,46.63184,0 13.87892,46.63142,0 13.87838,46.63045,0 13.87836,46.63036,0 13.87818,46.63,0 13.87781,46.62967,0 13.87759,46.62953,0 13.87737,46.62946,0 13.87735,46.62945,0 13.87726,46.62909,0 13.87713,46.62885,0 13.87707,46.62875,0 13.87701,46.62865,0 13.87699,46.6286,0 13.87699,46.62856,0 13.87701,46.6285,0 13.87708,46.62841,0 13.87707,46.62759,0 13.87715,46.62688,0 13.87708,46.62685,0 13.87705,46.62682,0 13.8771,46.62662,0 13.87697,46.6263,0 13.87683,46.62591,0 13.87679,46.62573,0 13.87679,46.62561,0 13.87699,46.6251,0 13.87702,46.6249,0 13.87699,46.62479,0 13.87683,46.62471,0 13.87668,46.62452,0 13.87669,46.62444,0 13.87672,46.62438,0 13.87697,46.62402,0 13.87703,46.62397,0 13.87721,46.62377,0 13.87742,46.62359,0 13.87767,46.62338,0 13.87824,46.62297,0 13.87846,46.62278,0 13.87877,46.62251,0 13.8789,46.62238,0 13.87913,46.62206,0 13.87919,46.6221,0 13.87945,46.62224,0 13.87948,46.62225,0 13.87951,46.62221,0 13.87958,46.62214,0 13.87997,46.62179,0 13.88038,46.62152,0 13.88073,46.62122,0 13.88096,46.62092,0 13.88106,46.6207,0 13.88111,46.62054,0 13.8812,46.62006,0 13.8814,46.61958,0 13.88192,46.61883,0 13.88209,46.61849,0 13.88224,46.61806,0 13.88226,46.61792,0 13.88227,46.61781,0 13.88227,46.61777,0 13.88228,46.61767,0 13.88227,46.61745,0 13.88222,46.61723,0 13.88212,46.61703,0 13.88202,46.61688,0 13.88193,46.61682,0 13.88183,46.61679,0 13.88153,46.61656,0 13.88132,46.61638,0 13.88113,46.61637,0 13.8809,46.61637,0 13.88069,46.61636,0 13.88051,46.61632,0 13.88027,46.61626,0 13.88011,46.61619,0 13.87997,46.61611,0 13.87992,46.61606,0 13.87988,46.616,0 13.87988,46.61595,0 13.88002,46.61598,0 13.88012,46.61604,0 13.8802,46.61611,0 13.88011,46.61612,0 13.8796,46.61618,0 13.87957,46.61618,0 13.87953,46.61617,0 13.87951,46.61615,0 13.87948,46.61613,0 13.8794,46.6161,0 13.8793,46.61608,0 13.87913,46.61609,0 13.87876,46.6162,0 13.87867,46.61621,0 13.87847,46.61628,0 13.87834,46.61632,0 13.8782,46.61634,0 13.878,46.61638,0 13.87767,46.61646,0 13.87718,46.61656,0 13.8767,46.61663,0 13.87625,46.61668,0 13.87571,46.61671,0 13.87511,46.61669,0 13.87445,46.61663,0 13.87377,46.61657,0 13.87301,46.61646,0 13.87265,46.61639,0 13.87206,46.61621,0 13.8716,46.61609,0 13.87101,46.61596,0 13.86974,46.61562,0 13.86907,46.61542,0 13.86843,46.61521,0 13.86773,46.61496,0 13.86722,46.61484,0 13.86684,46.61472,0 13.86625,46.61437,0 13.86524,46.61366,0 13.86523,46.61359,0 13.86515,46.61346,0 13.86512,46.61341,0 13.86368,46.61235,0 13.86304,46.61185,0 13.86266,46.61152,0 13.86225,46.6111,0 13.86195,46.61076,0 13.8617,46.61043,0 13.86151,46.61023,0 13.86135,46.61008,0 13.86099,46.6098,0 13.86045,46.60945,0 13.86022,46.60932,0 13.86009,46.60927,0 13.8598,46.60915,0 13.85962,46.6091,0 13.85918,46.609,0 13.85896,46.60896,0 13.85871,46.60894,0 13.85826,46.60891,0 13.85818,46.6089,0 13.85787,46.60891,0 13.85766,46.60892,0 13.85716,46.60899,0 13.85684,46.60905,0 13.85655,46.60913,0 13.85627,46.60922,0 13.85588,46.60938,0 13.8554,46.6096,0 13.85501,46.6098,0 13.85445,46.61013,0 13.85436,46.61018,0 13.85414,46.61038,0 13.85413,46.6104,0 13.85414,46.61041,0 13.85418,46.61045,0 13.85439,46.6106,0 13.85445,46.61067,0 13.85417,46.61056,0 13.8541,46.61052,0 13.85299,46.60993,0</coordinates>
          </LineString>
        </Placemark>
        <Placemark>
          <name>Seg. 3 — 37.8 km (à pied)</name>
          <styleUrl>#route_p7</styleUrl>
          <LineString>
            <tessellate>1</tessellate>
            <coordinates>14.36015,46.76802,0 14.36025,46.76794,0 14.36027,46.76787,0 14.36025,46.76781,0 14.36006,46.76761,0 14.3599,46.76752,0 14.36018,46.7673,0 14.3602,46.76729,0 14.36028,46.76722,0 14.3603,46.7672,0 14.36037,46.76715,0 14.36039,46.76713,0 14.36032,46.76709,0 14.36011,46.76696,0 14.35996,46.76687,0 14.35969,46.76673,0 14.3596,46.76668,0 14.35963,46.76663,0 14.35967,46.76658,0 14.35953,46.76655,0 14.35937,46.76647,0 14.35913,46.76633,0 14.35876,46.76616,0 14.35872,46.76614,0 14.35865,46.76611,0 14.35855,46.76604,0 14.35743,46.76553,0 14.35739,46.76557,0 14.35709,46.76544,0 14.35692,46.76539,0 14.35679,46.76539,0 14.35662,46.76539,0 14.35653,46.76539,0 14.35637,46.76543,0 14.35613,46.76552,0 14.35605,46.76553,0 14.35591,46.76555,0 14.35574,46.76555,0 14.35564,46.76553,0 14.35561,46.76552,0 14.35548,46.76551,0 14.35532,46.7655,0 14.3553,46.7655,0 14.35529,46.76552,0 14.35526,46.76558,0 14.35519,46.76556,0 14.35512,46.76554,0 14.35487,46.76544,0 14.35442,46.7652,0 14.35437,46.76524,0 14.35384,46.76492,0 14.35341,46.76464,0 14.35313,46.76447,0 14.353,46.7644,0 14.35287,46.76436,0 14.35272,46.7643,0 14.35257,46.76421,0 14.35239,46.76402,0 14.3522,46.76378,0 14.35181,46.7633,0 14.35152,46.76305,0 14.35123,46.76284,0 14.35104,46.76272,0 14.35063,46.76248,0 14.35051,46.76242,0 14.34992,46.76209,0 14.34877,46.76135,0 14.34816,46.7609,0 14.34806,46.76086,0 14.34777,46.76066,0 14.34774,46.76059,0 14.34755,46.76044,0 14.34745,46.76036,0 14.34738,46.76029,0 14.34665,46.75974,0 14.34605,46.75937,0 14.34495,46.75881,0 14.34488,46.75879,0 14.34479,46.75876,0 14.34475,46.75874,0 14.34428,46.75852,0 14.34383,46.7583,0 14.34329,46.75801,0 14.34317,46.75798,0 14.34309,46.75794,0 14.34299,46.75784,0 14.34289,46.75776,0 14.34253,46.75752,0 14.34233,46.75741,0 14.34206,46.75722,0 14.34168,46.75697,0 14.3411,46.75663,0 14.34074,46.75643,0 14.3401,46.75612,0 14.33963,46.7559,0 14.33925,46.75574,0 14.33821,46.75531,0 14.33724,46.75491,0 14.33676,46.75474,0 14.33669,46.75473,0 14.3366,46.75471,0 14.33652,46.75465,0 14.33645,46.75462,0 14.33631,46.75456,0 14.33533,46.75414,0 14.33522,46.75411,0 14.33504,46.75404,0 14.33446,46.75379,0 14.33451,46.75373,0 14.33457,46.75367,0 14.33426,46.75353,0 14.33383,46.75332,0 14.3338,46.7533,0 14.33378,46.75327,0 14.33379,46.75322,0 14.33385,46.75315,0 14.33403,46.753,0 14.33415,46.7529,0 14.33438,46.75276,0 14.33464,46.75261,0 14.3351,46.75238,0 14.33524,46.75228,0 14.33538,46.75218,0 14.33564,46.75191,0 14.33557,46.75189,0 14.33514,46.75169,0 14.33488,46.75156,0 14.33464,46.75142,0 14.33438,46.75125,0 14.33418,46.75107,0 14.33398,46.75088,0 14.33376,46.7506,0 14.33358,46.75031,0 14.33307,46.74919,0 14.33265,46.74831,0 14.33222,46.74737,0 14.33219,46.7473,0 14.33192,46.74668,0 14.33152,46.7458,0 14.33141,46.74564,0 14.33137,46.74554,0 14.33131,46.74533,0 14.33076,46.74415,0 14.33062,46.74392,0 14.33059,46.74385,0 14.33055,46.7437,0 14.33051,46.74357,0 14.33031,46.74315,0 14.33011,46.7428,0 14.32986,46.74242,0 14.32966,46.74212,0 14.32928,46.74168,0 14.32908,46.74147,0 14.32881,46.74122,0 14.32851,46.74097,0 14.32817,46.74071,0 14.32775,46.74042,0 14.32747,46.74023,0 14.32721,46.74009,0 14.32687,46.73982,0 14.32613,46.73931,0 14.32542,46.73884,0 14.32497,46.73856,0 14.32416,46.73799,0 14.32333,46.73745,0 14.32326,46.73741,0 14.32317,46.73739,0 14.32307,46.73739,0 14.32296,46.73742,0 14.32286,46.73748,0 14.32188,46.73803,0 14.32182,46.73802,0 14.3218,46.73798,0 14.32237,46.73745,0 14.32245,46.73736,0 14.32253,46.73717,0 14.32255,46.73708,0 14.32251,46.73701,0 14.3224,46.73692,0 14.32223,46.7367,0 14.32168,46.73632,0 14.32069,46.73565,0 14.32025,46.73537,0 14.31983,46.73514,0 14.31934,46.7349,0 14.31888,46.7347,0 14.31847,46.73454,0 14.31793,46.73436,0 14.3172,46.73415,0 14.31271,46.73286,0 14.3121,46.73271,0 14.3112,46.73255,0 14.31052,46.73246,0 14.30955,46.7324,0 14.30748,46.73235,0 14.30602,46.7323,0 14.30533,46.73228,0 14.30534,46.73223,0 14.30537,46.73215,0 14.30539,46.7321,0 14.30489,46.7321,0 14.30437,46.73207,0 14.30392,46.73203,0 14.30322,46.73193,0 14.30276,46.73184,0 14.30205,46.73165,0 14.30105,46.73126,0 14.30054,46.73106,0 14.30005,46.73088,0 14.29863,46.73033,0 14.29725,46.72978,0 14.29479,46.72883,0 14.29434,46.72867,0 14.29385,46.72855,0 14.29324,46.72844,0 14.2926,46.72835,0 14.29199,46.72832,0 14.29138,46.72831,0 14.29069,46.72837,0 14.29026,46.72842,0 14.28875,46.72866,0 14.28679,46.72901,0 14.28548,46.72921,0 14.28549,46.72925,0 14.28553,46.72935,0 14.28554,46.72939,0 14.28505,46.72947,0 14.28133,46.7301,0 14.28083,46.73017,0 14.27817,46.73062,0 14.27706,46.73079,0 14.27638,46.73088,0 14.27563,46.73096,0 14.2754,46.73103,0 14.27531,46.73105,0 14.27512,46.73102,0 14.2745,46.73106,0 14.2741,46.73108,0 14.27375,46.73109,0 14.27332,46.73112,0 14.27168,46.73115,0 14.27129,46.73112,0 14.27067,46.73111,0 14.26941,46.73105,0 14.26847,46.73097,0 14.26751,46.73087,0 14.26605,46.73069,0 14.26536,46.7306,0 14.26507,46.73057,0 14.26482,46.73058,0 14.26459,46.7305,0 14.26436,46.73047,0 14.26303,46.7303,0 14.25956,46.72984,0 14.25944,46.72983,0 14.25929,46.72984,0 14.25909,46.72979,0 14.25848,46.7297,0 14.25774,46.72961,0 14.25316,46.72899,0 14.25318,46.72895,0 14.2532,46.72888,0 14.25344,46.72812,0 14.25345,46.72806,0 14.25344,46.72802,0 14.25342,46.72798,0 14.25338,46.72795,0 14.25333,46.72792,0 14.25317,46.7279,0 14.25239,46.72786,0 14.25214,46.72784,0 14.25192,46.72782,0 14.25169,46.72778,0 14.2512,46.72768,0 14.24989,46.72737,0 14.24912,46.72724,0 14.24848,46.72715,0 14.24688,46.72694,0 14.24639,46.72686,0 14.24608,46.72681,0 14.24597,46.72678,0 14.24589,46.72674,0 14.24496,46.72621,0 14.24481,46.72616,0 14.24466,46.72612,0 14.24443,46.72612,0 14.24426,46.72614,0 14.24407,46.7261,0 14.24333,46.72584,0 14.24264,46.72566,0 14.24232,46.72556,0 14.24203,46.72547,0 14.24091,46.72519,0 14.23949,46.7249,0 14.23902,46.7248,0 14.23852,46.72466,0 14.23752,46.72442,0 14.23601,46.72425,0 14.2355,46.72415,0 14.23521,46.72407,0 14.23438,46.72399,0 14.23427,46.72398,0 14.23416,46.72399,0 14.23409,46.72398,0 14.23382,46.72388,0 14.2334,46.72382,0 14.23253,46.72358,0 14.23238,46.72357,0 14.23224,46.72357,0 14.23159,46.72362,0 14.23139,46.72361,0 14.23093,46.72357,0 14.23066,46.72352,0 14.23024,46.72339,0 14.22987,46.72328,0 14.22921,46.72312,0 14.22891,46.72307,0 14.22861,46.72304,0 14.22842,46.72301,0 14.22793,46.72285,0 14.22758,46.72269,0 14.22702,46.72239,0 14.22632,46.72196,0 14.22564,46.72146,0 14.22314,46.71969,0 14.22276,46.71948,0 14.22258,46.71942,0 14.22208,46.71931,0 14.22186,46.71924,0 14.22154,46.71912,0 14.22038,46.71854,0 14.21974,46.71822,0 14.21932,46.71801,0 14.21899,46.71777,0 14.21848,46.71733,0 14.21792,46.71675,0 14.21776,46.71659,0 14.21752,46.71638,0 14.21717,46.71612,0 14.21713,46.7161,0 14.21707,46.71611,0 14.217,46.71608,0 14.21664,46.71586,0 14.21647,46.71573,0 14.21591,46.71516,0 14.21544,46.71457,0 14.21515,46.71415,0 14.2149,46.71395,0 14.21482,46.714,0 14.21474,46.71406,0 14.21458,46.71411,0 14.21393,46.71422,0 14.21373,46.71425,0 14.21312,46.71433,0 14.21297,46.71436,0 14.21285,46.7144,0 14.2126,46.7145,0 14.21215,46.71465,0 14.21207,46.71466,0 14.21104,46.7148,0 14.21068,46.71485,0 14.21048,46.71488,0 14.20998,46.71501,0 14.20991,46.71503,0 14.20972,46.71486,0 14.20939,46.71453,0 14.20899,46.71421,0 14.2085,46.71384,0 14.20805,46.71355,0 14.2076,46.71328,0 14.20716,46.71307,0 14.20635,46.71275,0 14.20618,46.71267,0 14.20605,46.71258,0 14.20591,46.71245,0 14.20578,46.7123,0 14.20557,46.71196,0 14.2055,46.71185,0 14.20547,46.71181,0 14.20539,46.71167,0 14.20517,46.7114,0 14.20369,46.71226,0 14.20357,46.71233,0 14.20237,46.71302,0 14.2023,46.713,0 14.20197,46.71306,0 14.20178,46.71308,0 14.20159,46.71311,0 14.2014,46.71315,0 14.20067,46.71332,0 14.20016,46.71346,0 14.19975,46.7136,0 14.19945,46.71371,0 14.19903,46.71391,0 14.19862,46.71413,0 14.19834,46.71431,0 14.19809,46.71449,0 14.19769,46.71483,0 14.19744,46.71507,0 14.19719,46.71534,0 14.19616,46.71647,0 14.19585,46.71679,0 14.19572,46.71688,0 14.19551,46.71702,0 14.19529,46.71713,0 14.19496,46.71724,0 14.19439,46.7174,0 14.19427,46.71745,0 14.19416,46.71752,0 14.19397,46.71765,0 14.19331,46.71819,0 14.19308,46.71836,0 14.19224,46.71909,0 14.19057,46.72042,0 14.19016,46.7209,0 14.18993,46.72113,0 14.18969,46.72131,0 14.18972,46.72135,0 14.18982,46.72143,0 14.19032,46.72199,0 14.19041,46.72227,0 14.19009,46.72239,0 14.18987,46.72251,0 14.18926,46.72276,0 14.18793,46.72344,0 14.18741,46.7237,0 14.18713,46.72381,0 14.18666,46.72397,0 14.18619,46.72408,0 14.18567,46.72417,0 14.18459,46.7243,0 14.18409,46.72439,0 14.18347,46.72453,0 14.18267,46.72477,0 14.18263,46.72476,0 14.18257,46.72475,0 14.18242,46.7246,0 14.18237,46.72459,0 14.18233,46.72459,0 14.18231,46.72457,0 14.18223,46.7245,0 14.18216,46.72447,0 14.18212,46.72448,0 14.18201,46.72457,0 14.18163,46.72475,0 14.18123,46.72489,0 14.18095,46.72496,0 14.18063,46.725,0 14.17822,46.7252,0 14.17784,46.72523,0 14.17711,46.72532,0 14.17525,46.72557,0 14.17505,46.72561,0 14.17488,46.72566,0 14.17451,46.72577,0 14.1716,46.72682,0 14.17065,46.72715,0 14.17067,46.72718,0 14.17073,46.72725,0 14.17075,46.72728,0 14.17065,46.7273,0 14.17037,46.72739,0 14.17008,46.72756,0 14.16985,46.72766,0 14.16971,46.72775,0 14.16925,46.72821,0 14.16903,46.72845,0 14.16879,46.7287,0 14.1676,46.72947,0 14.16725,46.72967,0 14.16702,46.72986,0 14.16688,46.72994,0 14.16673,46.73009,0 14.16654,46.73024,0 14.16612,46.73062,0 14.1658,46.73086,0 14.16553,46.73105,0 14.16527,46.73121,0 14.16497,46.73137,0 14.16476,46.73147,0 14.16464,46.73152,0 14.16431,46.73155,0 14.16425,46.73154,0 14.16422,46.73153,0 14.16416,46.7315,0 14.16412,46.73148,0 14.16404,46.73145,0 14.16393,46.73145,0 14.16383,46.73145,0 14.16371,46.73147,0 14.16354,46.73152,0 14.16338,46.73159,0 14.16328,46.73163,0 14.16318,46.73165,0 14.16309,46.73166,0 14.16267,46.73162,0 14.16254,46.73164,0 14.1623,46.73169,0 14.16195,46.73173,0 14.16171,46.73175,0 14.16156,46.7318,0 14.16147,46.73184,0 14.16137,46.73193,0 14.16128,46.732,0 14.1611,46.73208,0 14.16083,46.73218,0 14.16053,46.73231,0 14.1604,46.73235,0 14.16021,46.73238,0 14.15988,46.73241,0 14.15935,46.73251,0 14.15881,46.73265,0 14.15817,46.73278,0 14.15692,46.73299,0 14.15645,46.73304,0 14.15604,46.73306,0 14.15541,46.73304,0 14.15504,46.73301,0 14.15491,46.73299,0 14.15476,46.73295,0 14.15468,46.73291,0 14.15459,46.73285,0 14.15431,46.73263,0 14.15274,46.73185,0 14.15249,46.73174,0 14.15119,46.73112,0 14.15056,46.73077,0 14.1501,46.73087,0 14.15002,46.7309,0 14.14984,46.73081,0 14.14973,46.73076,0 14.14959,46.73073,0 14.1493,46.73047,0 14.14904,46.7302,0 14.14867,46.72975,0 14.14831,46.72929,0 14.14817,46.72934,0 14.1476,46.72907,0 14.14749,46.72901,0 14.14742,46.72897,0 14.14734,46.72892,0 14.14684,46.72861,0 14.14671,46.72854,0 14.14658,46.72848,0 14.14641,46.72841,0 14.14621,46.72836,0 14.14563,46.72819,0 14.14506,46.72805,0 14.14494,46.728,0 14.14486,46.72796,0 14.14483,46.72793,0 14.14477,46.72784,0 14.14295,46.72768,0 14.14207,46.72758,0 14.14139,46.72749,0 14.14095,46.72741,0 14.14054,46.72733,0 14.14024,46.72726,0 14.13998,46.72719,0 14.1396,46.72707,0 14.13928,46.72696,0 14.13885,46.72679,0 14.13839,46.72654,0 14.1382,46.72643,0 14.13803,46.72631,0 14.13779,46.72614,0 14.13758,46.72597,0 14.13743,46.72583,0 14.13726,46.72566,0 14.13705,46.7254,0 14.13692,46.72522,0 14.13679,46.72501,0 14.13675,46.72494,0 14.13663,46.72468,0 14.13656,46.7245,0 14.13651,46.72434,0 14.1364,46.72391,0 14.13623,46.72303,0 14.13613,46.72303,0 14.1361,46.72303,0 14.13604,46.72287,0 14.13584,46.72255,0 14.13578,46.72252,0 14.13571,46.72248,0 14.1355,46.72242,0 14.13532,46.72238,0 14.13445,46.72215,0 14.13422,46.7221,0 14.1339,46.72206,0 14.13339,46.72202,0 14.13304,46.72202,0 14.13284,46.72204,0 14.13244,46.72209,0 14.13231,46.7221,0 14.13094,46.72223,0 14.13063,46.72226,0 14.13038,46.7223,0 14.13022,46.72234,0 14.12996,46.72243,0 14.12989,46.72244,0 14.12986,46.72244,0 14.12977,46.7224,0 14.12972,46.72242,0 14.12871,46.72277,0 14.12783,46.72305,0 14.127,46.72328,0 14.12602,46.72351,0 14.12597,46.72352,0 14.12597,46.72357,0 14.12521,46.72372,0 14.12471,46.72381,0 14.12413,46.7239,0 14.12357,46.72398,0 14.12301,46.72404,0 14.12267,46.72407,0 14.12223,46.72409,0 14.1216,46.7241,0 14.12123,46.72409,0 14.12088,46.72405,0 14.12058,46.724,0 14.12033,46.72395,0 14.12002,46.72388,0 14.11975,46.7238,0 14.11945,46.72369,0 14.11922,46.7236,0 14.11889,46.72344,0 14.11861,46.72328,0 14.11834,46.72311,0 14.11726,46.72234,0 14.11674,46.72199,0 14.11634,46.72178,0 14.11608,46.72164,0 14.11592,46.72156,0 14.11564,46.72144,0 14.11555,46.72142,0 14.11534,46.72137,0 14.11436,46.72108,0 14.11381,46.72089,0 14.11361,46.72084,0 14.11339,46.72081,0 14.11311,46.72078,0 14.11291,46.72076,0 14.11275,46.72071,0 14.11268,46.72068,0 14.11253,46.72068,0 14.11238,46.72066,0 14.11204,46.72059,0 14.1116,46.72051,0 14.11143,46.72049,0 14.11131,46.72046,0 14.11095,46.72034,0 14.11046,46.72022,0 14.1102,46.72017,0 14.11001,46.72015,0 14.10939,46.72017,0 14.10867,46.72024,0 14.1083,46.72031,0 14.10774,46.72048,0 14.10755,46.72055,0 14.10739,46.72063,0 14.10665,46.72105,0 14.10639,46.72122,0 14.10623,46.72133,0 14.10612,46.72142,0 14.10594,46.72158,0 14.10579,46.72163,0 14.1057,46.72171,0 14.10561,46.7218,0 14.10544,46.72175,0 14.10535,46.72174,0 14.10516,46.72182,0 14.10508,46.72188,0 14.10492,46.72206,0 14.10479,46.72226,0 14.10447,46.72257,0 14.10445,46.72263,0 14.10441,46.72279,0 14.1044,46.72281,0 14.10438,46.72282,0 14.10432,46.72281,0 14.10406,46.72277,0 14.10403,46.72276,0 14.10404,46.72269,0 14.10409,46.7226,0 14.10413,46.72248,0 14.10413,46.7224,0 14.10409,46.72232,0 14.10405,46.72227,0 14.10397,46.72221,0 14.10384,46.72214,0 14.10376,46.72212,0 14.10369,46.72212,0 14.10361,46.72212,0 14.1036,46.72207,0 14.10358,46.722,0 14.10356,46.72195,0 14.10309,46.72208,0 14.10289,46.72211,0 14.10272,46.72213,0 14.10212,46.72212,0 14.10174,46.7221,0 14.10125,46.72206,0 14.10007,46.72192,0 14.09966,46.72188,0 14.0995,46.72187,0 14.09936,46.72187,0 14.09906,46.72187,0 14.09891,46.72189,0 14.09872,46.72191,0 14.09864,46.72189,0 14.09851,46.72188,0 14.09802,46.72196,0 14.09732,46.72206,0 14.09641,46.7222,0 14.09641,46.72228,0 14.09612,46.72239,0 14.09604,46.72229,0 14.09601,46.72224,0 14.09599,46.72221,0 14.096,46.72216,0 14.09613,46.72188,0 14.09626,46.72147,0 14.0963,46.72125,0 14.09635,46.72107,0 14.09638,46.72094,0 14.09644,46.72066,0 14.09657,46.72016,0 14.09556,46.7201,0 14.09523,46.72007,0 14.09517,46.72006,0 14.09479,46.72003,0 14.09462,46.72001,0 14.09442,46.71999,0 14.094,46.71992,0 14.09366,46.71985,0 14.09345,46.71981,0 14.09285,46.71966,0 14.09242,46.71951,0 14.09138,46.71902,0 14.09084,46.71878,0 14.09038,46.71863,0 14.0903,46.7186,0 14.09025,46.71859,0 14.0902,46.71858,0 14.08988,46.71852,0 14.08957,46.71847,0 14.08923,46.7184,0 14.08893,46.71833,0 14.08872,46.71827,0 14.08856,46.71822,0 14.08845,46.71816,0 14.08835,46.7181,0 14.08823,46.71802,0 14.08739,46.71737,0 14.08718,46.71718,0 14.08708,46.71708,0 14.08678,46.7167,0 14.08667,46.71653,0 14.0866,46.71645,0 14.08647,46.71638,0 14.08622,46.71631,0 14.08607,46.71643,0 14.08568,46.71668,0 14.08562,46.71673,0 14.08544,46.71671,0 14.08535,46.7167,0 14.08526,46.71669,0 14.08499,46.7166,0 14.0849,46.71647,0 14.08476,46.71629,0 14.0845,46.71601,0 14.08441,46.71594,0 14.0843,46.71589,0 14.08422,46.71587,0 14.08407,46.71586,0 14.0839,46.71584,0 14.08381,46.71582,0 14.08305,46.71556,0 14.08294,46.71552,0 14.08267,46.71543,0 14.08243,46.71535,0 14.08224,46.71525,0 14.08203,46.71516,0 14.08165,46.71502,0 14.08094,46.71476,0 14.08075,46.71471,0 14.08055,46.71466,0 14.08038,46.71462,0 14.07962,46.71451,0 14.07815,46.71422,0 14.07791,46.71417,0 14.07774,46.71412,0 14.0776,46.71406,0 14.0774,46.71397,0 14.07673,46.71359,0 14.07659,46.71349,0 14.07652,46.71341,0 14.07645,46.71333,0 14.0764,46.71323,0 14.07626,46.71287,0 14.07615,46.71267,0 14.07601,46.71252,0 14.07595,46.71243,0 14.07587,46.71229,0 14.0758,46.71211,0 14.07565,46.71169,0 14.0756,46.71162,0 14.07483,46.71079,0 14.07461,46.71057,0 14.07454,46.71052,0 14.07445,46.7105,0 14.07424,46.71047,0 14.07418,46.71044,0 14.07414,46.71041,0 14.07375,46.71001,0 14.07345,46.70987,0 14.07306,46.70977,0 14.07285,46.70966,0 14.07256,46.7094,0 14.07232,46.70908,0 14.07207,46.70861,0 14.07186,46.70814,0 14.07138,46.70741,0 14.07127,46.70729,0 14.07108,46.70719,0 14.07101,46.70716,0 14.07066,46.70707,0 14.07034,46.70701,0 14.06992,46.70696,0 14.0694,46.70696,0 14.06926,46.70696,0 14.06918,46.70694,0 14.06905,46.70689,0 14.06897,46.70685,0 14.06863,46.70658,0 14.06848,46.70648,0 14.06833,46.70638,0 14.06807,46.70621,0 14.06804,46.70617,0 14.06803,46.70586,0 14.06801,46.70582,0 14.06798,46.70581,0 14.06743,46.70583,0 14.06734,46.70583,0 14.06728,46.70581,0 14.06718,46.70579,0 14.0664,46.70549,0 14.06614,46.70534,0 14.06567,46.705,0 14.06512,46.70471,0 14.06492,46.70452,0 14.06461,46.70431,0 14.06445,46.7042,0 14.06377,46.70388,0 14.06303,46.70347,0 14.0626,46.70331,0 14.06254,46.70327,0 14.06251,46.70323,0 14.06251,46.70316,0 14.06251,46.70305,0 14.06245,46.70285,0 14.06232,46.70266,0 14.06174,46.70214,0 14.06115,46.70163,0 14.06093,46.70146,0 14.06079,46.70137,0 14.06042,46.70123,0 14.06018,46.70109,0 14.05988,46.70092,0 14.05976,46.70083,0 14.05963,46.70075,0 14.05945,46.70069,0 14.05894,46.70056,0 14.05878,46.70054,0 14.05858,46.70053,0 14.05838,46.70054,0 14.05799,46.70059,0 14.05773,46.70063,0 14.0576,46.70064,0 14.05761,46.7002,0 14.0576,46.69974,0 14.0576,46.69964,0 14.05755,46.69941,0 14.0575,46.69929,0 14.05744,46.69918,0 14.05697,46.69855,0 14.05698,46.69845,0 14.057,46.69834,0 14.05701,46.69826,0 14.05688,46.69823,0 14.05639,46.69818,0 14.05603,46.69808,0 14.05572,46.69796,0 14.05445,46.69732,0 14.05289,46.69657,0 14.05237,46.69629,0 14.05187,46.69603,0 14.05031,46.69527,0 14.04857,46.69441,0 14.0482,46.69425,0 14.04771,46.69404,0 14.04738,46.69393,0 14.04682,46.69382,0 14.04629,46.69374,0 14.04585,46.69371,0 14.04472,46.69378,0 14.04279,46.69392,0 14.04201,46.694,0 14.04021,46.69433,0 14.03681,46.69485,0 14.03612,46.69494,0 14.03582,46.69495,0 14.03579,46.69485,0 14.0356,46.6934,0 14.03535,46.69165,0 14.03533,46.69143,0 14.03531,46.69121,0 14.03529,46.69118,0 14.03525,46.69113,0 14.03519,46.69111,0 14.03513,46.6911,0 14.03397,46.69111,0 14.03348,46.69111,0 14.03313,46.69106,0 14.03269,46.69095,0 14.02774,46.68948,0 14.02727,46.68939,0 14.02733,46.68915,0 14.02733,46.68874,0 14.02728,46.68817,0 14.02722,46.68817,0 14.02717,46.68813,0 14.02714,46.68811,0 14.02707,46.68809,0 14.02697,46.68809,0 14.0267,46.68809,0 14.02534,46.68821,0 14.02475,46.6882,0 14.02454,46.68819,0 14.02428,46.68816,0 14.02407,46.68813,0 14.02382,46.68809,0 14.02358,46.68803,0 14.02333,46.68796,0 14.02286,46.68779,0 14.02229,46.68755,0 14.02195,46.6874,0 14.02128,46.68717,0 14.02101,46.68711,0 14.02009,46.68697,0 14.01926,46.68689,0 14.01892,46.68684,0 14.01878,46.68685,0 14.0185,46.6868,0 14.01843,46.68675,0 14.01822,46.68671,0 14.01684,46.68632,0 14.01643,46.68622,0 14.01608,46.68615,0 14.01331,46.68576,0 14.01291,46.68571,0 14.0127,46.68568,0 14.01252,46.68568,0 14.01244,46.68568,0 14.01237,46.68566,0 14.01222,46.68561,0 14.01019,46.68532,0 14.00942,46.68525,0 14.00878,46.68523,0 14.00812,46.68523,0 14.00683,46.68525,0 14.00599,46.68525,0 14.00541,46.68524,0 14.00495,46.6852,0 14.00426,46.6851,0 14.00382,46.68501,0 14.00339,46.68492,0 14.00295,46.68479,0 14.00271,46.68471,0 14.00232,46.68458,0 14.0022,46.68456,0 14.00199,46.68447,0 14.00192,46.68441,0 14.00153,46.68423,0 14.00139,46.68417,0 14.00102,46.68395,0 14.00027,46.68347,0 13.99957,46.68302,0 13.99878,46.68254,0 13.99815,46.68218,0 13.99761,46.68189,0 13.99719,46.68166,0 13.99704,46.6817,0 13.99699,46.6817,0 13.99693,46.68169,0 13.99677,46.68163,0 13.99666,46.68157,0 13.99661,46.68154,0 13.99653,46.6815,0 13.99639,46.68134,0 13.9964,46.68127,0 13.99588,46.68102,0 13.99536,46.6808,0 13.99526,46.68075,0 13.99398,46.68017,0 13.99342,46.67996,0 13.99275,46.67973,0 13.99199,46.67952,0 13.99117,46.6793,0 13.99108,46.67928,0 13.99086,46.67921,0 13.9906,46.67912,0 13.99036,46.67903,0 13.99032,46.679,0 13.99,46.67886,0 13.98988,46.67878,0 13.9895,46.67854,0 13.9888,46.67804,0 13.9885,46.67786,0 13.98791,46.67755,0 13.98712,46.67716,0 13.98657,46.67686,0 13.98629,46.67668,0 13.98601,46.67647,0 13.98592,46.6764,0 13.98584,46.67634,0 13.98577,46.67629,0 13.98527,46.67582,0 13.98487,46.67543,0 13.98478,46.67534,0 13.9847,46.67527,0 13.98464,46.6752,0 13.98449,46.67506,0 13.98422,46.6748,0 13.98417,46.67477,0 13.9838,46.67441,0 13.98373,46.67438,0 13.98358,46.67425,0 13.98356,46.67419,0 13.98345,46.6741,0 13.9834,46.67406,0 13.98319,46.67388,0 13.98297,46.67365,0 13.98246,46.67321,0 13.98192,46.67276,0 13.98146,46.67235,0 13.98053,46.67148,0 13.98049,46.67142,0 13.98055,46.67139,0 13.98043,46.67127,0 13.98017,46.67101,0 13.98006,46.67089,0 13.97997,46.67078,0 13.97985,46.67061,0 13.97975,46.67043,0 13.97984,46.67021,0 13.97987,46.66999,0</coordinates>
          </LineString>
        </Placemark>
      </Folder>
      <Folder>
        <name>Evvira</name>
        <open>0</open>
        <Placemark>
          <name>Seg. 1 — 10.8 km (à pied)</name>
          <styleUrl>#route_p8</styleUrl>
          <LineString>
            <tessellate>1</tessellate>
            <coordinates>13.8523,46.60961,0 13.85228,46.6096,0 13.85205,46.60943,0 13.85177,46.60933,0 13.85161,46.60926,0 13.85146,46.60917,0 13.85064,46.60849,0 13.85052,46.6084,0 13.85026,46.60819,0 13.85017,46.60812,0 13.84984,46.60785,0 13.84974,46.60776,0 13.84961,46.60766,0 13.8488,46.60699,0 13.84845,46.60673,0 13.84833,46.60666,0 13.84822,46.60659,0 13.84776,46.60636,0 13.84758,46.60628,0 13.84748,46.60623,0 13.84734,46.60617,0 13.8467,46.6059,0 13.84642,46.60578,0 13.84621,46.6057,0 13.84609,46.60565,0 13.84545,46.60537,0 13.84527,46.60529,0 13.84514,46.60523,0 13.84502,46.60515,0 13.84485,46.60507,0 13.84437,46.60479,0 13.84426,46.60473,0 13.84388,46.60451,0 13.84375,46.60444,0 13.84366,46.60438,0 13.84343,46.60423,0 13.84307,46.60397,0 13.84295,46.60388,0 13.84271,46.60369,0 13.84257,46.60365,0 13.84237,46.60362,0 13.84233,46.60362,0 13.84223,46.60362,0 13.84214,46.6036,0 13.841,46.60324,0 13.84091,46.60319,0 13.84085,46.60316,0 13.84079,46.60314,0 13.84063,46.60309,0 13.8406,46.60308,0 13.84047,46.60307,0 13.84038,46.60307,0 13.8403,46.60309,0 13.84027,46.6031,0 13.84022,46.60312,0 13.84017,46.60312,0 13.84013,46.60311,0 13.84008,46.60308,0 13.84005,46.60304,0 13.84004,46.60299,0 13.84006,46.60297,0 13.84001,46.60288,0 13.83998,46.60278,0 13.83942,46.60215,0 13.83931,46.60203,0 13.83914,46.60189,0 13.83882,46.60164,0 13.83848,46.6014,0 13.83825,46.60124,0 13.83818,46.60119,0 13.83797,46.60105,0 13.83767,46.6008,0 13.83736,46.60048,0 13.83705,46.60014,0 13.83698,46.60008,0 13.83689,46.60003,0 13.83683,46.60001,0 13.83677,46.6,0 13.83665,46.59999,0 13.83656,46.6,0 13.83652,46.60001,0 13.83618,46.60013,0 13.83616,46.60014,0 13.83609,46.60017,0 13.83611,46.60022,0 13.8361,46.60025,0 13.83606,46.60029,0 13.83603,46.6003,0 13.83596,46.6003,0 13.8359,46.60029,0 13.83587,46.60025,0 13.83586,46.60021,0 13.83587,46.6002,0 13.83582,46.60018,0 13.8353,46.59995,0 13.8351,46.59987,0 13.83501,46.59983,0 13.83487,46.5998,0 13.8347,46.59978,0 13.83452,46.59977,0 13.83451,46.5997,0 13.83451,46.59963,0 13.83428,46.59934,0 13.83402,46.599,0 13.83389,46.59886,0 13.83367,46.59867,0 13.83347,46.59852,0 13.83324,46.59835,0 13.83317,46.59828,0 13.83309,46.59817,0 13.8329,46.59777,0 13.83262,46.59736,0 13.83218,46.59689,0 13.83197,46.59666,0 13.83194,46.59662,0 13.83185,46.5965,0 13.83165,46.59614,0 13.83103,46.59493,0 13.83053,46.59387,0 13.83046,46.5937,0 13.83013,46.59296,0 13.83002,46.5927,0 13.82995,46.59258,0 13.82981,46.59237,0 13.82969,46.59224,0 13.82958,46.59214,0 13.82937,46.59197,0 13.82919,46.59184,0 13.82864,46.59131,0 13.82858,46.59125,0 13.82856,46.59126,0 13.82855,46.59126,0 13.82851,46.59127,0 13.82847,46.59126,0 13.82843,46.59125,0 13.8284,46.59123,0 13.82838,46.59121,0 13.82837,46.59116,0 13.82838,46.59113,0 13.82841,46.59111,0 13.82846,46.59109,0 13.82849,46.59108,0 13.82849,46.59102,0 13.82849,46.59081,0 13.82835,46.58969,0 13.82831,46.58939,0 13.82825,46.58903,0 13.82819,46.58871,0 13.82812,46.58847,0 13.82807,46.58831,0 13.82794,46.58776,0 13.82772,46.58701,0 13.82762,46.58674,0 13.82755,46.5865,0 13.82729,46.58561,0 13.82723,46.58534,0 13.8272,46.58509,0 13.82721,46.58504,0 13.82723,46.58489,0 13.82727,46.58469,0 13.82743,46.58427,0 13.82746,46.5842,0 13.82743,46.58418,0 13.8274,46.58417,0 13.82738,46.58415,0 13.82736,46.58409,0 13.82737,46.58407,0 13.8274,46.58404,0 13.82744,46.58402,0 13.82748,46.58401,0 13.82753,46.58401,0 13.82759,46.58387,0 13.82826,46.58302,0 13.82899,46.58212,0 13.82948,46.58152,0 13.82962,46.58138,0 13.83017,46.58096,0 13.83097,46.5804,0 13.83126,46.58016,0 13.83153,46.5799,0 13.8321,46.57932,0 13.83316,46.5782,0 13.83371,46.57743,0 13.83416,46.57682,0 13.83403,46.57673,0 13.83401,46.57663,0 13.83436,46.57592,0 13.83453,46.57552,0 13.83462,46.57515,0 13.83463,46.57485,0 13.83461,46.57457,0 13.83452,46.57434,0 13.83445,46.57418,0 13.83434,46.57404,0 13.83428,46.57388,0 13.83399,46.57358,0 13.83372,46.57335,0 13.8335,46.57319,0 13.83324,46.57302,0 13.83279,46.57278,0 13.83236,46.57262,0 13.83206,46.57254,0 13.83175,46.57247,0 13.83153,46.57243,0 13.83126,46.5724,0 13.83074,46.57237,0 13.83015,46.57238,0 13.82955,46.57241,0 13.82935,46.57244,0 13.82905,46.57247,0 13.82699,46.57262,0 13.82499,46.57279,0 13.82411,46.57284,0 13.82356,46.57285,0 13.82305,46.57286,0 13.82256,46.57286,0 13.82234,46.57285,0 13.8221,46.57281,0 13.82179,46.57278,0 13.82143,46.57272,0 13.82113,46.57268,0 13.82071,46.57259,0 13.82043,46.57251,0 13.81999,46.57238,0 13.81933,46.57212,0 13.81895,46.57196,0 13.81845,46.57173,0 13.81803,46.57154,0 13.81747,46.57126,0 13.81607,46.5706,0 13.81567,46.5704,0 13.81541,46.57028,0 13.81519,46.57018,0 13.8149,46.57004,0 13.81466,46.5699,0 13.81415,46.56955,0 13.8141,46.56951,0 13.81335,46.56892,0 13.81302,46.56866,0 13.8126,46.56836,0 13.81231,46.56817,0 13.81223,46.56812,0 13.81212,46.56805,0 13.81194,46.56797,0 13.81088,46.56753,0 13.81075,46.56748,0 13.81048,46.56737,0 13.81012,46.56723,0 13.80962,46.56703,0 13.80942,46.56695,0 13.80905,46.56681,0 13.80894,46.56676,0 13.80885,46.56673,0 13.80851,46.5666,0 13.80816,46.56646,0 13.80791,46.56636,0 13.80761,46.56625,0 13.80649,46.56583,0 13.80646,46.56582,0 13.80604,46.56565,0 13.80597,46.56563,0 13.80516,46.56531,0 13.80486,46.56518,0 13.80435,46.56498,0 13.80399,46.56482,0 13.80372,46.56467,0 13.80358,46.56458,0 13.80332,46.56437,0 13.80318,46.56424,0 13.80308,46.56413,0 13.80289,46.56388,0 13.80285,46.5638,0 13.80276,46.56364,0 13.80265,46.56336,0 13.80258,46.56304,0 13.80255,46.56285,0 13.80253,46.5627,0 13.80246,46.56242,0 13.8023,46.56205,0 13.80212,46.56174,0 13.80183,46.5614,0 13.80166,46.56122,0 13.80139,46.56094,0 13.80117,46.56072,0 13.80095,46.56049,0 13.8009,46.56044,0 13.80006,46.55953,0 13.79972,46.55917,0 13.79916,46.55861,0 13.79897,46.55845,0 13.79892,46.55841,0 13.79879,46.55831,0 13.79871,46.55825,0 13.79842,46.55803,0 13.7978,46.55774,0 13.79731,46.55757,0 13.79709,46.55751,0 13.79604,46.55722,0 13.79534,46.55703,0 13.7947,46.55684,0 13.79413,46.55665,0 13.79332,46.55638,0 13.7928,46.55621,0 13.79275,46.5562,0 13.79203,46.55596,0 13.79198,46.55594,0 13.79149,46.55578,0 13.79114,46.55566,0 13.79063,46.55549,0 13.79006,46.55529,0 13.78977,46.55519,0 13.78936,46.55502,0 13.78909,46.5549,0 13.78838,46.55458,0 13.78782,46.55433,0 13.78699,46.55397,0 13.78671,46.55385,0 13.786,46.55355,0 13.7852,46.55319,0 13.7831,46.55223,0 13.78155,46.55153,0 13.78057,46.55109,0 13.78045,46.55103,0 13.78041,46.55101,0 13.78006,46.55085,0 13.77898,46.55036,0 13.77837,46.55015,0 13.77803,46.55006,0 13.77779,46.55001,0 13.77739,46.54993,0 13.77699,46.54989,0 13.77659,46.54987,0 13.77637,46.54987,0 13.77602,46.54988,0 13.77498,46.54993,0 13.77368,46.55003,0 13.77314,46.55008,0</coordinates>
          </LineString>
        </Placemark>
        <Placemark>
          <name>Seg. 2 — 10.2 km (à pied)</name>
          <styleUrl>#route_p8</styleUrl>
          <LineString>
            <tessellate>1</tessellate>
            <coordinates>13.77314,46.55008,0 13.77159,46.55023,0 13.77054,46.5503,0 13.76979,46.55033,0 13.76942,46.55033,0 13.76927,46.55033,0 13.76925,46.5504,0 13.76857,46.55038,0 13.7675,46.55031,0 13.76654,46.55018,0 13.76615,46.55015,0 13.766,46.55012,0 13.7659,46.5501,0 13.76573,46.55004,0 13.76533,46.54994,0 13.76417,46.54962,0 13.76306,46.54923,0 13.7619,46.54879,0 13.76105,46.54848,0 13.76061,46.54833,0 13.76031,46.54823,0 13.75975,46.54808,0 13.75903,46.5479,0 13.75822,46.54775,0 13.75745,46.54762,0 13.75649,46.54755,0 13.75568,46.54752,0 13.75561,46.54753,0 13.75544,46.54759,0 13.75536,46.5476,0 13.75529,46.5476,0 13.75505,46.54752,0 13.75442,46.54751,0 13.7538,46.54752,0 13.75181,46.54758,0 13.75134,46.54765,0 13.75079,46.54762,0 13.7507,46.54761,0 13.75043,46.54761,0 13.74922,46.54759,0 13.74882,46.54759,0 13.74706,46.54754,0 13.74678,46.54753,0 13.74561,46.5475,0 13.74492,46.54751,0 13.74421,46.54754,0 13.74372,46.54757,0 13.74346,46.54759,0 13.74244,46.5477,0 13.74067,46.5479,0 13.73937,46.54803,0 13.73853,46.54807,0 13.73818,46.54812,0 13.73811,46.54807,0 13.73808,46.54803,0 13.73797,46.54803,0 13.73785,46.54803,0 13.73772,46.54803,0 13.73768,46.54803,0 13.73752,46.54803,0 13.73748,46.54781,0 13.73745,46.54775,0 13.73741,46.54771,0 13.73711,46.54748,0 13.73703,46.54741,0 13.73681,46.54703,0 13.73672,46.54676,0 13.73636,46.54639,0 13.736,46.54601,0 13.73545,46.54516,0 13.73529,46.54497,0 13.73524,46.54496,0 13.73516,46.54496,0 13.73494,46.54497,0 13.73464,46.54501,0 13.73443,46.54505,0 13.73393,46.54502,0 13.73365,46.54507,0 13.73339,46.54516,0 13.73313,46.5452,0 13.73242,46.54506,0 13.73206,46.54503,0 13.73159,46.54501,0 13.73155,46.54496,0 13.73155,46.5449,0 13.73162,46.54484,0 13.73193,46.5448,0 13.73266,46.5447,0 13.73312,46.54463,0 13.73343,46.54453,0 13.73362,46.54443,0 13.73399,46.54422,0 13.73434,46.544,0 13.7344,46.54391,0 13.73483,46.54364,0 13.73506,46.54345,0 13.73508,46.54341,0 13.73508,46.54338,0 13.73505,46.54335,0 13.73502,46.54335,0 13.73498,46.54336,0 13.73483,46.54339,0 13.73471,46.54342,0 13.7346,46.5434,0 13.73452,46.54335,0 13.73455,46.54327,0 13.73459,46.54319,0 13.73495,46.54306,0 13.73508,46.543,0 13.73514,46.54288,0 13.73512,46.54279,0 13.7352,46.54262,0 13.73516,46.54259,0 13.73505,46.54261,0 13.73444,46.54284,0 13.73423,46.54291,0 13.73398,46.54293,0 13.73393,46.54269,0 13.73408,46.54254,0 13.73425,46.54232,0 13.73434,46.54207,0 13.73436,46.54193,0 13.73434,46.5419,0 13.73418,46.54174,0 13.73413,46.54168,0 13.73372,46.54163,0 13.73352,46.54167,0 13.7332,46.54172,0 13.73297,46.5418,0 13.73275,46.54185,0 13.73243,46.54181,0 13.73225,46.54168,0 13.73222,46.54161,0 13.73219,46.54158,0 13.73216,46.54156,0 13.73205,46.54153,0 13.73185,46.5415,0 13.73145,46.5415,0 13.73131,46.54151,0 13.7312,46.54153,0 13.73096,46.54158,0 13.7303,46.54172,0 13.73016,46.54173,0 13.7299,46.54177,0 13.72977,46.54175,0 13.72966,46.54173,0 13.72949,46.54167,0 13.72938,46.54167,0 13.72931,46.54168,0 13.72898,46.5418,0 13.72859,46.54189,0 13.72844,46.54192,0 13.72838,46.54191,0 13.72832,46.5419,0 13.72826,46.54188,0 13.72822,46.54186,0 13.72806,46.54176,0 13.72789,46.54161,0 13.72775,46.54152,0 13.7277,46.5415,0 13.72752,46.54145,0 13.72727,46.54141,0 13.72706,46.54131,0 13.72696,46.54129,0 13.72686,46.54128,0 13.72662,46.54132,0 13.72646,46.54133,0 13.72645,46.54136,0 13.72643,46.54137,0 13.72639,46.54138,0 13.72635,46.54139,0 13.72627,46.54138,0 13.7259,46.54129,0 13.72575,46.54127,0 13.72532,46.54122,0 13.72513,46.54119,0 13.725,46.54117,0 13.72484,46.54113,0 13.72476,46.5411,0 13.72468,46.54108,0 13.72454,46.541,0 13.72428,46.54082,0 13.72414,46.54076,0 13.72394,46.54066,0 13.72382,46.54056,0 13.72374,46.54041,0 13.72372,46.54038,0 13.7236,46.54033,0 13.72353,46.54031,0 13.72346,46.54028,0 13.72341,46.54024,0 13.72338,46.5402,0 13.72334,46.54012,0 13.72332,46.54009,0 13.72328,46.54006,0 13.72322,46.54002,0 13.72314,46.53998,0 13.72302,46.53993,0 13.72289,46.53986,0 13.72282,46.5398,0 13.72279,46.53973,0 13.7225,46.53936,0 13.7224,46.53931,0 13.72215,46.53922,0 13.72198,46.53914,0 13.72176,46.53902,0 13.72157,46.53891,0 13.72143,46.53884,0 13.72137,46.53883,0 13.72118,46.53882,0 13.72091,46.53881,0 13.72083,46.5388,0 13.72075,46.53876,0 13.72068,46.53872,0 13.72058,46.53865,0 13.72054,46.53863,0 13.72046,46.53862,0 13.72029,46.53863,0 13.71996,46.53862,0 13.71985,46.53861,0 13.71969,46.53858,0 13.71932,46.53847,0 13.71892,46.53839,0 13.71881,46.53836,0 13.71855,46.53832,0 13.71829,46.53829,0 13.71804,46.53829,0 13.71792,46.53827,0 13.71779,46.53822,0 13.71757,46.53809,0 13.71742,46.53803,0 13.7173,46.53798,0 13.71689,46.53791,0 13.71665,46.53787,0 13.71631,46.53785,0 13.71613,46.53782,0 13.71598,46.53775,0 13.71584,46.53766,0 13.71577,46.53758,0 13.7157,46.53749,0 13.71566,46.53745,0 13.71559,46.53742,0 13.71552,46.53741,0 13.71517,46.53746,0 13.71503,46.5375,0 13.71467,46.53757,0 13.71497,46.53738,0 13.71533,46.53722,0 13.71562,46.5371,0 13.71581,46.537,0 13.71612,46.53689,0 13.71627,46.53688,0 13.71648,46.53692,0 13.71668,46.53699,0 13.71681,46.53698,0 13.71687,46.53694,0 13.71686,46.53684,0 13.71686,46.53677,0 13.71705,46.5365,0 13.71714,46.53643,0 13.71722,46.53643,0 13.71762,46.5365,0 13.71778,46.53652,0 13.7179,46.53652,0 13.71799,46.53652,0 13.71826,46.53646,0 13.71871,46.53643,0 13.71886,46.53642,0 13.71871,46.53643,0 13.71875,46.53605,0 13.71894,46.53578,0 13.71913,46.53565,0 13.71918,46.53521,0 13.71914,46.53493,0 13.71916,46.53482,0 13.71911,46.53469,0 13.71915,46.53459,0 13.71918,46.53444,0 13.71917,46.53431,0 13.71908,46.53424,0 13.71885,46.53428,0 13.7188,46.53429,0 13.71881,46.53442,0 13.71871,46.53457,0 13.71856,46.53468,0 13.71846,46.53481,0 13.71831,46.5349,0 13.71814,46.53495,0 13.71809,46.53503,0 13.71796,46.53503,0 13.71788,46.53488,0 13.71767,46.53477,0 13.71746,46.53459,0 13.71737,46.53452,0 13.71724,46.53445,0 13.71711,46.53439,0 13.71706,46.53433,0 13.71709,46.53421,0 13.71731,46.53419,0 13.71742,46.53425,0 13.71762,46.53412,0 13.71766,46.53403,0 13.71757,46.53394,0 13.71744,46.53386,0 13.71728,46.53382,0 13.71706,46.53378,0 13.71694,46.53366,0 13.71674,46.53355,0 13.71661,46.53345,0 13.71613,46.53328,0 13.71595,46.53327,0 13.71581,46.53322,0 13.71582,46.5332,0 13.71592,46.53318,0 13.7161,46.5331,0 13.71616,46.53302,0 13.71621,46.53296,0 13.71618,46.53288,0 13.7159,46.53257,0 13.71592,46.53255,0 13.71601,46.53249,0 13.716,46.53243,0 13.71594,46.53241,0 13.71589,46.5324,0 13.71589,46.53237,0 13.71591,46.53235,0 13.71608,46.53234,0 13.71614,46.53227,0 13.71615,46.5322,0 13.7163,46.53211,0 13.71618,46.53209,0 13.71614,46.53207,0 13.71616,46.53203,0 13.717,46.53186,0 13.71703,46.53184,0 13.71705,46.53183,0 13.71705,46.53182,0 13.71719,46.53179,0 13.71722,46.53174,0 13.71698,46.53164,0 13.71639,46.53153,0 13.71632,46.53138,0 13.71655,46.53131,0 13.71681,46.53113,0 13.71723,46.53091,0 13.71763,46.53057,0 13.71753,46.5305,0 13.71718,46.53052,0 13.71711,46.53051,0 13.71753,46.53033,0 13.71727,46.53021,0 13.7168,46.53012,0 13.71643,46.53,0 13.71615,46.52997,0 13.71589,46.52998,0 13.71567,46.5299,0 13.71549,46.52994,0 13.71522,46.5299,0 13.71503,46.52984,0 13.71488,46.52984,0 13.71473,46.52982,0 13.71468,46.52976,0 13.71471,46.52969,0 13.7149,46.52966,0 13.71517,46.52956,0 13.7153,46.52948,0 13.71541,46.52943,0 13.71544,46.52943,0 13.71543,46.52939,0 13.71607,46.52922,0 13.71595,46.52921,0 13.71585,46.52915,0 13.71584,46.52912,0 13.71579,46.52912,0 13.71601,46.52906,0 13.7162,46.529,0 13.71632,46.52894,0 13.71643,46.52887,0 13.71659,46.52875,0 13.71674,46.52866,0 13.71689,46.52859,0 13.71695,46.52855,0 13.717,46.5285,0 13.71701,46.52846,0 13.71699,46.52843,0 13.71695,46.52841,0 13.7169,46.52841,0 13.71685,46.52842,0 13.7168,46.52844,0 13.71661,46.52855,0 13.71651,46.5286,0 13.71639,46.52864,0 13.71628,46.52867,0 13.71608,46.52873,0 13.71587,46.52877,0 13.71577,46.52878,0 13.71563,46.52878,0 13.7155,46.52878,0 13.71536,46.52876,0 13.71517,46.52873,0 13.71497,46.52867,0 13.71467,46.52862,0 13.71443,46.5286,0 13.71379,46.52849,0 13.71351,46.5284,0 13.71325,46.52834,0 13.71294,46.52829,0 13.71265,46.52821,0 13.71245,46.52815,0 13.71228,46.52807,0 13.71219,46.52806,0 13.71202,46.52806,0 13.71181,46.52802,0 13.71165,46.52801,0 13.71148,46.52801,0 13.71094,46.52797,0 13.71059,46.52792,0 13.71025,46.52786,0 13.70967,46.52776,0 13.70946,46.5277,0 13.70906,46.52758,0 13.70874,46.52746,0 13.70865,46.52741,0 13.70853,46.52731,0 13.70849,46.52724,0 13.70849,46.52721,0 13.70849,46.52715,0 13.7085,46.5271,0 13.70855,46.52701,0 13.7086,46.52687,0 13.70859,46.52681,0 13.70857,46.52675,0 13.70852,46.5267,0 13.70842,46.52661,0 13.70841,46.52654,0 13.70844,46.52649,0 13.70857,46.52639,0 13.70868,46.52628,0 13.70875,46.52612,0 13.70874,46.52607,0 13.70864,46.52591,0 13.70862,46.52584,0 13.70863,46.52575,0 13.70874,46.52558,0 13.7088,46.52546,0 13.70885,46.52531,0 13.70888,46.52518,0 13.70896,46.52509,0 13.70926,46.52486,0 13.70931,46.52481,0 13.70932,46.52477,0 13.70929,46.52471,0 13.70925,46.52469,0 13.70919,46.52466,0 13.70902,46.52456,0 13.70881,46.52429,0 13.70872,46.5242,0 13.70869,46.52416,0 13.70868,46.52411,0 13.70868,46.52395,0 13.70864,46.52387,0 13.70852,46.52381,0 13.70834,46.5237,0 13.7083,46.52368,0 13.70821,46.52367,0 13.70803,46.52371,0 13.7079,46.52373,0 13.70736,46.52373,0 13.70725,46.52372,0 13.70716,46.52371,0 13.70692,46.52362,0 13.70684,46.52358,0 13.70669,46.52349,0 13.70662,46.52343,0 13.70659,46.52339,0 13.70654,46.52329,0 13.70651,46.52321,0 13.70649,46.52301,0 13.70646,46.52295,0 13.70641,46.52291,0 13.70634,46.5229,0 13.70617,46.52289,0 13.70609,46.52287,0 13.70589,46.52277,0 13.70581,46.52274,0 13.70561,46.52267,0 13.70541,46.52257,0 13.70532,46.52249,0 13.70523,46.52241,0 13.70513,46.52235,0 13.70507,46.52234,0 13.70492,46.52234,0 13.70469,46.52228,0 13.70451,46.52229,0 13.70428,46.5223,0 13.70377,46.52229,0 13.70361,46.52231,0 13.703,46.52224,0 13.70298,46.5222,0 13.70317,46.52206,0 13.70357,46.52189,0 13.70447,46.52178,0 13.7038,46.52176,0 13.70331,46.5218,0 13.70275,46.522,0 13.70276,46.52222,0 13.70268,46.52228,0 13.70258,46.52229,0 13.70249,46.52228,0 13.70247,46.52225,0</coordinates>
          </LineString>
        </Placemark>
        <Placemark>
          <name>Seg. 3 — 8.8 km (à pied)</name>
          <styleUrl>#route_p8</styleUrl>
          <LineString>
            <tessellate>1</tessellate>
            <coordinates>13.70247,46.52225,0 13.70225,46.52204,0 13.70223,46.522,0 13.70233,46.52186,0 13.70241,46.52163,0 13.70258,46.52141,0 13.70267,46.52125,0 13.70272,46.52104,0 13.70276,46.52085,0 13.70274,46.5207,0 13.70269,46.52056,0 13.70276,46.52039,0 13.70287,46.52022,0 13.70305,46.52006,0 13.70322,46.51986,0 13.70342,46.51954,0 13.70353,46.51931,0 13.70352,46.51915,0 13.70341,46.51919,0 13.70309,46.51915,0 13.703,46.5191,0 13.7028,46.51887,0 13.7027,46.5188,0 13.70246,46.51873,0 13.70228,46.51869,0 13.70169,46.51857,0 13.70157,46.51852,0 13.70124,46.51831,0 13.7008,46.5181,0 13.70067,46.51799,0 13.7006,46.51789,0 13.70058,46.51782,0 13.70055,46.51741,0 13.70056,46.51722,0 13.70053,46.51701,0 13.70051,46.51674,0 13.70047,46.51648,0 13.70049,46.51639,0 13.70046,46.51635,0 13.7004,46.51615,0 13.70033,46.51603,0 13.70025,46.51593,0 13.70012,46.51581,0 13.70002,46.51573,0 13.69975,46.51541,0 13.69965,46.51532,0 13.69953,46.51528,0 13.69929,46.51529,0 13.69909,46.51532,0 13.69857,46.51557,0 13.69819,46.5158,0 13.69748,46.51609,0 13.6969,46.51619,0 13.69598,46.51658,0 13.69555,46.51691,0 13.69519,46.51715,0 13.695,46.51721,0 13.6948,46.51724,0 13.69462,46.51726,0 13.69448,46.51725,0 13.69425,46.51722,0 13.69416,46.51722,0 13.69403,46.51725,0 13.69376,46.51736,0 13.69357,46.51745,0 13.69331,46.51753,0 13.69307,46.51756,0 13.69299,46.51759,0 13.69296,46.51762,0 13.69252,46.51814,0 13.69242,46.51821,0 13.69228,46.5183,0 13.69206,46.51836,0 13.69183,46.51841,0 13.69155,46.5184,0 13.69072,46.51845,0 13.68989,46.51857,0 13.68974,46.51857,0 13.68947,46.5185,0 13.68926,46.51841,0 13.68905,46.51829,0 13.68832,46.51772,0 13.68818,46.51763,0 13.68806,46.51758,0 13.68798,46.51756,0 13.68784,46.51756,0 13.68767,46.51757,0 13.6876,46.51759,0 13.68754,46.51765,0 13.68754,46.51771,0 13.68757,46.51793,0 13.68753,46.51798,0 13.68746,46.51801,0 13.68727,46.51804,0 13.68631,46.5181,0 13.68614,46.51806,0 13.68596,46.51797,0 13.68568,46.51781,0 13.68524,46.5175,0 13.685,46.51736,0 13.68482,46.51731,0 13.68446,46.51728,0 13.68352,46.51725,0 13.68341,46.51728,0 13.68329,46.51739,0 13.68307,46.51761,0 13.68293,46.5177,0 13.6827,46.51777,0 13.68252,46.5178,0 13.68183,46.51783,0 13.68166,46.51787,0 13.68147,46.51792,0 13.68124,46.51795,0 13.68102,46.51798,0 13.6803,46.51805,0 13.68003,46.51815,0 13.67977,46.51829,0 13.67968,46.51833,0 13.67957,46.51835,0 13.67947,46.51837,0 13.67937,46.51837,0 13.67917,46.51837,0 13.679,46.51835,0 13.67869,46.51823,0 13.67848,46.51808,0 13.67797,46.5175,0 13.67763,46.5171,0 13.6775,46.517,0 13.67697,46.51702,0 13.67686,46.51702,0 13.6767,46.51701,0 13.67658,46.51697,0 13.67643,46.51688,0 13.67634,46.51679,0 13.67625,46.51674,0 13.67598,46.5167,0 13.6756,46.51666,0 13.67459,46.51639,0 13.67439,46.51637,0 13.67417,46.5164,0 13.67321,46.51666,0 13.67307,46.51669,0 13.67286,46.51669,0 13.67269,46.51666,0 13.67245,46.5166,0 13.67234,46.51656,0 13.67226,46.51647,0 13.67217,46.51635,0 13.6721,46.51629,0 13.67197,46.51629,0 13.67183,46.51634,0 13.67162,46.51645,0 13.67141,46.51653,0 13.67119,46.51658,0 13.67107,46.51657,0 13.67081,46.51652,0 13.67042,46.51642,0 13.67014,46.51646,0 13.66998,46.51649,0 13.66963,46.51651,0 13.66909,46.51651,0 13.66864,46.51646,0 13.66778,46.51638,0 13.66746,46.51629,0 13.66676,46.51616,0 13.66558,46.51584,0 13.66519,46.51575,0 13.66495,46.51573,0 13.66475,46.51573,0 13.66456,46.51572,0 13.66437,46.51567,0 13.66419,46.51561,0 13.66399,46.51551,0 13.66383,46.51541,0 13.66366,46.51531,0 13.663,46.5149,0 13.66255,46.51474,0 13.66214,46.51462,0 13.66194,46.5145,0 13.66181,46.51443,0 13.66145,46.51411,0 13.66115,46.51372,0 13.66075,46.5136,0 13.6599,46.5136,0 13.65926,46.51351,0 13.65817,46.51317,0 13.65743,46.51309,0 13.65708,46.513,0 13.65657,46.51267,0 13.65608,46.51229,0 13.65588,46.51215,0 13.65544,46.51206,0 13.65512,46.51219,0 13.65476,46.5122,0 13.65427,46.51222,0 13.65394,46.51228,0 13.65388,46.51233,0 13.65387,46.51239,0 13.65415,46.51255,0 13.65427,46.51272,0 13.65467,46.51294,0 13.65523,46.513,0 13.65531,46.51306,0 13.65529,46.51325,0 13.65494,46.51327,0 13.65467,46.51326,0 13.6543,46.51331,0 13.65409,46.51338,0 13.65384,46.51343,0 13.65346,46.51343,0 13.65306,46.51353,0 13.65298,46.51362,0 13.65299,46.51367,0 13.65315,46.51374,0 13.65341,46.51373,0 13.65364,46.51375,0 13.65399,46.5139,0 13.65438,46.51386,0 13.65472,46.51413,0 13.65544,46.51414,0 13.65597,46.51426,0 13.65642,46.51443,0 13.6565,46.51449,0 13.65654,46.51453,0 13.65658,46.51458,0 13.65658,46.51465,0 13.65656,46.51469,0 13.65652,46.51473,0 13.65645,46.51475,0 13.65639,46.51474,0 13.65628,46.51468,0 13.65618,46.51463,0 13.6561,46.51459,0 13.65602,46.51456,0 13.65588,46.51454,0 13.65578,46.51453,0 13.65547,46.51455,0 13.65533,46.51456,0 13.65523,46.51459,0 13.65511,46.51463,0 13.65497,46.5147,0 13.65482,46.51479,0 13.65474,46.51481,0 13.65452,46.51483,0 13.65439,46.51487,0 13.65425,46.51494,0 13.65419,46.51498,0 13.65415,46.51502,0 13.6541,46.51505,0 13.654,46.51509,0 13.65368,46.51517,0 13.65356,46.51525,0 13.65341,46.51538,0 13.65337,46.51541,0 13.65304,46.51547,0 13.65297,46.51551,0 13.65292,46.51556,0 13.65287,46.51563,0 13.65285,46.51574,0 13.65267,46.51571,0 13.65252,46.51571,0 13.65242,46.51571,0 13.65234,46.51573,0 13.65227,46.51578,0 13.65219,46.5159,0 13.65212,46.51595,0 13.65199,46.51599,0 13.65161,46.51601,0 13.65132,46.51606,0 13.65126,46.51609,0 13.65104,46.51623,0 13.65098,46.51625,0 13.65091,46.51627,0 13.65084,46.51627,0 13.65064,46.51625,0 13.65029,46.5162,0 13.65005,46.51614,0 13.64988,46.51607,0 13.64969,46.51602,0 13.64952,46.51596,0 13.64945,46.51595,0 13.64931,46.51594,0 13.6487,46.51584,0 13.64849,46.51576,0 13.64823,46.51562,0 13.64786,46.51545,0 13.6477,46.51538,0 13.64728,46.51516,0 13.64713,46.51506,0 13.64698,46.51492,0 13.64675,46.51477,0 13.64633,46.51446,0 13.64626,46.5144,0 13.64618,46.51433,0 13.64598,46.5142,0 13.64557,46.51389,0 13.64493,46.51378,0 13.64473,46.51377,0 13.64412,46.51382,0 13.64394,46.51385,0 13.64378,46.51384,0 13.64368,46.51374,0 13.64355,46.51367,0 13.64342,46.51355,0 13.64334,46.51344,0 13.64313,46.51339,0 13.64299,46.5134,0 13.64261,46.51347,0 13.64245,46.51355,0 13.64235,46.51351,0 13.64221,46.51344,0 13.64223,46.51331,0 13.64216,46.51315,0 13.64195,46.51302,0 13.6417,46.51291,0 13.64152,46.51275,0 13.64142,46.51253,0 13.64137,46.51239,0 13.64136,46.51225,0 13.64127,46.5121,0 13.64108,46.51208,0 13.64061,46.51208,0 13.64018,46.51199,0 13.63998,46.51192,0 13.63973,46.51176,0 13.6395,46.51158,0 13.63932,46.51154,0 13.63905,46.5116,0 13.63876,46.5116,0 13.63838,46.51152,0 13.63794,46.51143,0 13.63749,46.51137,0 13.63717,46.51134,0 13.63687,46.5113,0 13.63672,46.51132,0 13.6362,46.51147,0 13.63588,46.51133,0 13.63541,46.51136,0 13.63478,46.51134,0 13.63408,46.51121,0 13.63364,46.51139,0 13.63246,46.51187,0 13.63171,46.51219,0 13.63116,46.51249,0 13.63067,46.51286,0 13.63053,46.51302,0 13.63036,46.51311,0 13.63014,46.51322,0 13.62994,46.51328,0 13.62975,46.51331,0 13.62957,46.51332,0 13.62937,46.51329,0 13.62914,46.5133,0 13.62897,46.51337,0 13.6288,46.51345,0 13.62855,46.5136,0 13.62839,46.51364,0 13.62824,46.51355,0 13.62813,46.51351,0 13.62807,46.5135,0 13.628,46.51351,0 13.62789,46.51349,0 13.62779,46.51344,0 13.6277,46.51336,0 13.62766,46.51328,0 13.62765,46.51306,0 13.62766,46.51293,0 13.62769,46.5127,0 13.62775,46.5125,0 13.62776,46.51217,0 13.62779,46.51211,0 13.62792,46.51191,0 13.628,46.51174,0 13.62818,46.51166,0 13.6282,46.51161,0 13.62817,46.51156,0 13.62814,46.51154,0 13.62809,46.51153,0 13.62799,46.51155,0 13.62791,46.51159,0 13.62767,46.51164,0 13.62744,46.51165,0 13.62697,46.51173,0 13.6268,46.51179,0 13.62664,46.51189,0 13.62655,46.51192,0 13.6262,46.512,0 13.62624,46.51203,0 13.62624,46.51204,0</coordinates>
          </LineString>
        </Placemark>
        <Placemark>
          <name>Seg. 4 — 11.6 km (à pied)</name>
          <styleUrl>#route_p8</styleUrl>
          <LineString>
            <tessellate>1</tessellate>
            <coordinates>13.85299,46.60993,0 13.8541,46.61052,0 13.85417,46.61056,0 13.85445,46.61067,0 13.85466,46.61082,0 13.85464,46.61082,0 13.85457,46.61089,0 13.8545,46.61095,0 13.85439,46.61086,0 13.854,46.61061,0 13.85222,46.60965,0 13.85217,46.60962,0 13.85196,46.60947,0 13.85174,46.60938,0 13.85161,46.60936,0 13.85151,46.6093,0 13.85145,46.60926,0 13.8514,46.60921,0 13.85122,46.60905,0 13.85056,46.60855,0 13.85052,46.60852,0 13.85049,46.6085,0 13.85043,46.60845,0 13.84976,46.60789,0 13.84973,46.60787,0 13.84964,46.60781,0 13.84959,46.60774,0 13.84954,46.60769,0 13.84872,46.60708,0 13.84836,46.60679,0 13.84833,46.60678,0 13.84831,46.60677,0 13.84825,46.60673,0 13.84819,46.6067,0 13.84813,46.60667,0 13.84804,46.60661,0 13.84771,46.60642,0 13.84758,46.60636,0 13.84752,46.60633,0 13.84747,46.6063,0 13.84742,46.60628,0 13.84733,46.60625,0 13.84729,46.60623,0 13.84679,46.60602,0 13.84657,46.60594,0 13.84604,46.60571,0 13.84524,46.60538,0 13.84525,46.60534,0 13.84527,46.60529,0 13.84529,46.60522,0 13.84525,46.60516,0 13.84524,46.6051,0 13.84534,46.60476,0 13.84537,46.60464,0 13.84538,46.60462,0 13.84537,46.60459,0 13.84542,46.60439,0 13.84553,46.60402,0 13.84565,46.60362,0 13.8457,46.60346,0 13.84572,46.60342,0 13.84573,46.60338,0 13.84578,46.60323,0 13.8458,46.60318,0 13.84581,46.60315,0 13.84585,46.60305,0 13.84586,46.60301,0 13.84586,46.60299,0 13.84595,46.6027,0 13.84596,46.60268,0 13.84597,46.60265,0 13.8461,46.6023,0 13.84612,46.60224,0 13.84614,46.6022,0 13.8462,46.60204,0 13.84624,46.602,0 13.84625,46.60199,0 13.84628,46.60193,0 13.84629,46.6019,0 13.84631,46.60186,0 13.84634,46.60182,0 13.8465,46.60154,0 13.84673,46.60116,0 13.84676,46.60111,0 13.8468,46.60106,0 13.84699,46.60082,0 13.84704,46.60078,0 13.84728,46.60051,0 13.84732,46.60049,0 13.84733,46.60048,0 13.84737,46.60043,0 13.84742,46.60035,0 13.84743,46.60034,0 13.84784,46.59981,0 13.84785,46.59977,0 13.84788,46.59972,0 13.84792,46.59968,0 13.84792,46.59963,0 13.84803,46.5995,0 13.84806,46.59947,0 13.84809,46.59943,0 13.84816,46.59935,0 13.8482,46.59931,0 13.84822,46.59927,0 13.84849,46.59898,0 13.84895,46.59851,0 13.84899,46.59848,0 13.84902,46.59847,0 13.84921,46.59827,0 13.84924,46.59819,0 13.84932,46.5981,0 13.8494,46.59802,0 13.84953,46.59788,0 13.84966,46.59775,0 13.84968,46.59773,0 13.84972,46.59769,0 13.84974,46.59767,0 13.84986,46.59759,0 13.84993,46.59751,0 13.85,46.59743,0 13.85004,46.59736,0 13.85044,46.59691,0 13.85049,46.59685,0 13.85057,46.59676,0 13.85073,46.59658,0 13.85077,46.59653,0 13.8508,46.59649,0 13.85085,46.59643,0 13.8509,46.59637,0 13.85098,46.59627,0 13.85139,46.59574,0 13.85145,46.59567,0 13.85151,46.59558,0 13.85192,46.59509,0 13.852,46.59499,0 13.85206,46.59492,0 13.85229,46.59465,0 13.85245,46.59448,0 13.85254,46.59443,0 13.8526,46.59439,0 13.85264,46.59436,0 13.85324,46.59396,0 13.85335,46.59391,0 13.85357,46.59385,0 13.85379,46.5938,0 13.85414,46.59374,0 13.85454,46.59369,0 13.85472,46.59367,0 13.85496,46.59367,0 13.85517,46.59364,0 13.85531,46.5936,0 13.85546,46.59355,0 13.85563,46.59346,0 13.85574,46.5935,0 13.85602,46.59352,0 13.85646,46.59358,0 13.85616,46.59347,0 13.85604,46.59341,0 13.85598,46.59337,0 13.8559,46.59333,0 13.85566,46.59327,0 13.85531,46.59325,0 13.85484,46.59317,0 13.85467,46.59312,0 13.85396,46.59284,0 13.85354,46.59263,0 13.85322,46.59247,0 13.85294,46.5923,0 13.85016,46.59058,0 13.84973,46.5903,0 13.8494,46.59007,0 13.8491,46.58984,0 13.84872,46.58946,0 13.8485,46.58925,0 13.84815,46.58882,0 13.84793,46.58849,0 13.84774,46.58812,0 13.84763,46.58786,0 13.84757,46.58769,0 13.84748,46.58733,0 13.84746,46.58723,0 13.84736,46.58641,0 13.8473,46.58622,0 13.84722,46.58604,0 13.84712,46.58586,0 13.84694,46.5856,0 13.84674,46.58535,0 13.84646,46.58504,0 13.84614,46.58475,0 13.84592,46.58459,0 13.84567,46.58445,0 13.84542,46.58435,0 13.84515,46.58427,0 13.84503,46.58413,0 13.84488,46.58406,0 13.8449,46.58396,0 13.84489,46.58389,0 13.84487,46.58381,0 13.84485,46.58371,0 13.84482,46.58367,0 13.84472,46.58362,0 13.84457,46.58359,0 13.84442,46.58358,0 13.84361,46.5836,0 13.84337,46.58362,0 13.84331,46.58362,0 13.84322,46.58362,0 13.84313,46.58362,0 13.84297,46.58364,0 13.84274,46.58363,0 13.84252,46.58365,0 13.84194,46.58365,0 13.84187,46.58364,0 13.84176,46.5836,0 13.8417,46.58356,0 13.84163,46.58355,0 13.84157,46.58354,0 13.84132,46.58354,0 13.84102,46.58358,0 13.84094,46.58357,0 13.84067,46.58354,0 13.84046,46.58351,0 13.84021,46.58345,0 13.84001,46.58338,0 13.83959,46.58318,0 13.83936,46.58304,0 13.83915,46.58289,0 13.83881,46.58265,0 13.83871,46.58257,0 13.83862,46.58248,0 13.83845,46.58234,0 13.83839,46.58225,0 13.83837,46.5822,0 13.8383,46.58205,0 13.83823,46.58193,0 13.8381,46.58178,0 13.83803,46.58165,0 13.83797,46.58147,0 13.8379,46.58133,0 13.83777,46.58113,0 13.83774,46.58104,0 13.8377,46.58089,0 13.83768,46.58076,0 13.8377,46.5806,0 13.83771,46.58047,0 13.83769,46.58037,0 13.83768,46.5802,0 13.83772,46.57946,0 13.83786,46.57899,0 13.83806,46.57846,0 13.83822,46.57821,0 13.83845,46.57793,0 13.83851,46.57789,0 13.83882,46.57763,0 13.83936,46.57722,0 13.83984,46.57687,0 13.84068,46.57622,0 13.84113,46.57595,0 13.84139,46.57573,0 13.84167,46.57555,0 13.84198,46.57532,0 13.84234,46.575,0 13.84288,46.57458,0 13.84311,46.57436,0 13.84324,46.5742,0 13.84337,46.57395,0 13.84348,46.57371,0 13.84352,46.57356,0 13.84343,46.57298,0 13.84339,46.57292,0 13.84325,46.57281,0 13.84319,46.57274,0 13.84316,46.57267,0 13.84306,46.5724,0 13.843,46.57229,0 13.8429,46.57216,0 13.84277,46.57202,0 13.84247,46.57186,0 13.84222,46.5716,0 13.84202,46.57144,0 13.84189,46.57135,0 13.84169,46.57127,0 13.84147,46.57126,0 13.84083,46.57118,0 13.84029,46.5711,0 13.83946,46.57099,0 13.83866,46.57093,0 13.83828,46.57094,0 13.83777,46.57085,0 13.83723,46.57084,0 13.8367,46.57079,0 13.83545,46.57061,0 13.83349,46.57045,0 13.83172,46.57034,0 13.83108,46.57025,0 13.8296,46.57012,0 13.82897,46.57008,0 13.82842,46.57002,0 13.82692,46.56992,0 13.82542,46.56984,0 13.82372,46.56976,0 13.82249,46.56964,0 13.82182,46.56959,0 13.82149,46.5696,0 13.82105,46.56958,0 13.82048,46.56949,0 13.81986,46.56944,0 13.81858,46.56937,0 13.81718,46.56924,0 13.81612,46.56925,0 13.81493,46.5693,0 13.81468,46.56931,0 13.81368,46.56937,0 13.81353,46.56939,0 13.81328,46.56944,0 13.81307,46.56949,0 13.81287,46.5695,0 13.81228,46.5695,0 13.81188,46.56949,0 13.8118,46.56948,0 13.81167,46.56948,0 13.81147,46.56949,0 13.81132,46.56939,0 13.81118,46.56934,0 13.81079,46.56933,0 13.81042,46.56916,0 13.80914,46.56882,0 13.80779,46.56853,0 13.80709,46.56846,0 13.80481,46.56858,0 13.80442,46.56859,0 13.8039,46.56858,0 13.80268,46.56852,0 13.80216,46.56858,0 13.80135,46.56849,0 13.79914,46.56849,0 13.79906,46.56852,0 13.79879,46.56864,0 13.79857,46.56864,0 13.79787,46.56848,0 13.79767,46.56845,0 13.79746,46.56844,0 13.79637,46.56852,0 13.79576,46.56863,0 13.79544,46.56865,0 13.79516,46.56868,0 13.79481,46.56869,0 13.79446,46.56866,0 13.79419,46.56861,0 13.79395,46.56856,0 13.79346,46.5684,0 13.79265,46.56838,0 13.79261,46.56836,0 13.79253,46.56833,0 13.79241,46.56828,0 13.79163,46.56779,0 13.79109,46.56728,0 13.79078,46.56674,0 13.7904,46.56607,0 13.7897,46.56493,0 13.78949,46.56449,0 13.78927,46.564,0 13.78877,46.56341,0 13.78841,46.56306,0 13.78808,46.56279,0 13.78771,46.56256,0 13.78726,46.56236,0 13.78675,46.56218,0 13.7861,46.562,0 13.78517,46.56179,0 13.78493,46.56175,0 13.78474,46.56172,0 13.78451,46.56168,0 13.7838,46.5615,0 13.7832,46.56139,0 13.78259,46.56125,0 13.78118,46.56105,0 13.78084,46.56103,0 13.78058,46.56105,0 13.78059,46.561,0 13.78062,46.5609,0 13.78082,46.56034,0 13.78084,46.56029,0 13.7807,46.56013,0 13.78051,46.56011,0 13.7802,46.56006,0 13.78014,46.56004,0 13.78003,46.55997,0</coordinates>
          </LineString>
        </Placemark>
        <Placemark>
          <name>Seg. 5 — 17.6 km (à pied)</name>
          <styleUrl>#route_p8</styleUrl>
          <LineString>
            <tessellate>1</tessellate>
            <coordinates>13.78003,46.55997,0 13.78014,46.56004,0 13.7802,46.56006,0 13.78051,46.56011,0 13.7807,46.56013,0 13.78068,46.56011,0 13.7805,46.55959,0 13.78049,46.55875,0 13.78038,46.55784,0 13.7804,46.55735,0 13.78042,46.55694,0 13.78048,46.55659,0 13.78056,46.55635,0 13.78071,46.55587,0 13.78099,46.55529,0 13.78119,46.5549,0 13.7813,46.55459,0 13.78131,46.55439,0 13.78096,46.55434,0 13.78067,46.5543,0 13.78052,46.55428,0 13.78058,46.55406,0 13.78058,46.55398,0 13.7806,46.55353,0 13.78054,46.55324,0 13.78047,46.55303,0 13.78022,46.55238,0 13.78013,46.55214,0 13.78014,46.55206,0 13.7804,46.55106,0 13.7803,46.55104,0 13.78008,46.55097,0 13.7799,46.55089,0 13.77969,46.55074,0 13.77942,46.55061,0 13.77886,46.55039,0 13.77833,46.55021,0 13.7782,46.55019,0 13.77785,46.55009,0 13.77732,46.54998,0 13.77688,46.54993,0 13.77637,46.54991,0 13.77602,46.54992,0 13.77469,46.55001,0 13.77126,46.55032,0 13.77022,46.55037,0 13.77009,46.55038,0 13.7698,46.55044,0 13.76966,46.55043,0 13.76925,46.5504,0 13.76857,46.55038,0 13.7675,46.55031,0 13.76654,46.55018,0 13.76615,46.55015,0 13.766,46.55012,0 13.7659,46.5501,0 13.76573,46.55004,0 13.76533,46.54994,0 13.76417,46.54962,0 13.76306,46.54923,0 13.7619,46.54879,0 13.76105,46.54848,0 13.76061,46.54833,0 13.76031,46.54823,0 13.75975,46.54808,0 13.75903,46.5479,0 13.75822,46.54775,0 13.75745,46.54762,0 13.75649,46.54755,0 13.75568,46.54752,0 13.75561,46.54753,0 13.75544,46.54759,0 13.75536,46.5476,0 13.75529,46.5476,0 13.75505,46.54752,0 13.75442,46.54751,0 13.7538,46.54752,0 13.75181,46.54758,0 13.75134,46.54765,0 13.75079,46.54762,0 13.7507,46.54761,0 13.75043,46.54761,0 13.74922,46.54759,0 13.74882,46.54759,0 13.74706,46.54754,0 13.74678,46.54753,0 13.74561,46.5475,0 13.74492,46.54751,0 13.74421,46.54754,0 13.74372,46.54757,0 13.74346,46.54759,0 13.74244,46.5477,0 13.74067,46.5479,0 13.73937,46.54803,0 13.73853,46.54807,0 13.73818,46.54812,0 13.73788,46.54809,0 13.73775,46.54809,0 13.73769,46.54809,0 13.73742,46.54809,0 13.73706,46.54807,0 13.73669,46.54809,0 13.73654,46.54807,0 13.73627,46.54802,0 13.73613,46.54801,0 13.73567,46.54797,0 13.73458,46.5478,0 13.73334,46.54758,0 13.73274,46.54749,0 13.73231,46.54746,0 13.72801,46.54744,0 13.72721,46.54745,0 13.72692,46.5475,0 13.72652,46.5476,0 13.7256,46.54792,0 13.72513,46.54803,0 13.72487,46.54807,0 13.7243,46.54812,0 13.72269,46.54823,0 13.72146,46.54831,0 13.72087,46.5483,0 13.71957,46.54825,0 13.71907,46.54826,0 13.71842,46.54832,0 13.71795,46.54838,0 13.71672,46.54843,0 13.71637,46.54847,0 13.71635,46.54841,0 13.71634,46.54834,0 13.71626,46.54831,0 13.71548,46.54816,0 13.71458,46.54792,0 13.71417,46.54784,0 13.71366,46.54783,0 13.71307,46.54791,0 13.71263,46.54793,0 13.71228,46.54789,0 13.71197,46.54783,0 13.71183,46.54778,0 13.71178,46.5476,0 13.71182,46.54747,0 13.71185,46.54745,0 13.71192,46.54741,0 13.71199,46.5474,0 13.71207,46.54736,0 13.71225,46.54726,0 13.71249,46.54704,0 13.71267,46.54691,0 13.71301,46.5468,0 13.7134,46.54662,0 13.7138,46.54635,0 13.71392,46.5463,0 13.71399,46.54621,0 13.71411,46.54613,0 13.71433,46.54595,0 13.71449,46.54579,0 13.71472,46.54565,0 13.71481,46.54562,0 13.71505,46.54548,0 13.71519,46.54539,0 13.71531,46.54527,0 13.71552,46.54507,0 13.71567,46.54488,0 13.7157,46.54482,0 13.71576,46.54474,0 13.7159,46.54458,0 13.71597,46.54447,0 13.71619,46.54434,0 13.71633,46.54424,0 13.71642,46.54421,0 13.71655,46.54411,0 13.71666,46.544,0 13.7168,46.5439,0 13.7169,46.54379,0 13.71703,46.54371,0 13.71714,46.54362,0 13.71717,46.5436,0 13.7173,46.54348,0 13.71745,46.54339,0 13.71755,46.54334,0 13.71761,46.5433,0 13.71763,46.54326,0 13.71763,46.54323,0 13.7173,46.54332,0 13.71721,46.54335,0 13.71711,46.54338,0 13.71691,46.54345,0 13.71683,46.54347,0 13.71676,46.54349,0 13.71659,46.54352,0 13.71612,46.54351,0 13.71585,46.54353,0 13.71567,46.54356,0 13.71549,46.54357,0 13.71539,46.54356,0 13.71505,46.54349,0 13.7145,46.5434,0 13.71426,46.54336,0 13.71403,46.54328,0 13.7141,46.54322,0 13.71417,46.54309,0 13.71419,46.54306,0 13.71419,46.54292,0 13.71415,46.54285,0 13.71411,46.54279,0 13.71405,46.54274,0 13.71399,46.54271,0 13.71389,46.54267,0 13.71378,46.54265,0 13.71256,46.54242,0 13.71167,46.54218,0 13.71095,46.54198,0 13.71037,46.54181,0 13.7101,46.54172,0 13.70995,46.54167,0 13.70947,46.54148,0 13.70897,46.54125,0 13.70883,46.54119,0 13.70857,46.54102,0 13.70816,46.54073,0 13.70801,46.54065,0 13.70761,46.54049,0 13.70756,46.54047,0 13.70754,46.54046,0 13.70743,46.54042,0 13.70708,46.54026,0 13.70693,46.54017,0 13.7067,46.54002,0 13.70664,46.53998,0 13.70642,46.53986,0 13.70621,46.53976,0 13.70618,46.53975,0 13.70598,46.53966,0 13.70579,46.53961,0 13.7057,46.53958,0 13.70534,46.53952,0 13.70521,46.5395,0 13.70511,46.53948,0 13.70494,46.53943,0 13.70487,46.5394,0 13.70471,46.53927,0 13.70449,46.53912,0 13.70437,46.53908,0 13.70433,46.53907,0 13.70423,46.53904,0 13.70396,46.53898,0 13.70377,46.53896,0 13.70372,46.53895,0 13.70356,46.53891,0 13.70334,46.53886,0 13.70329,46.53883,0 13.70303,46.53869,0 13.70286,46.53858,0 13.70271,46.53847,0 13.70266,46.53844,0 13.7025,46.53831,0 13.70238,46.53821,0 13.70224,46.53813,0 13.702,46.53803,0 13.70185,46.53799,0 13.70181,46.53799,0 13.70178,46.53796,0 13.70176,46.53793,0 13.70157,46.5378,0 13.70145,46.53768,0 13.70139,46.53759,0 13.70133,46.53751,0 13.7013,46.53745,0 13.70127,46.53736,0 13.70125,46.53723,0 13.70129,46.53717,0 13.70135,46.53702,0 13.70136,46.53692,0 13.70136,46.53679,0 13.70133,46.5366,0 13.70126,46.53645,0 13.70121,46.53637,0 13.70116,46.53631,0 13.70096,46.53612,0 13.70082,46.53602,0 13.70055,46.53584,0 13.70034,46.53569,0 13.70013,46.53558,0 13.69992,46.53549,0 13.69948,46.53531,0 13.69928,46.53522,0 13.69913,46.53513,0 13.69904,46.53505,0 13.69895,46.53498,0 13.69887,46.53489,0 13.69882,46.53477,0 13.69882,46.53451,0 13.69881,46.53433,0 13.69871,46.5339,0 13.69868,46.53372,0 13.69868,46.53361,0 13.69872,46.53345,0 13.69876,46.53331,0 13.69874,46.53328,0 13.6987,46.53324,0 13.69852,46.53309,0 13.69849,46.53306,0 13.69846,46.53299,0 13.69843,46.53289,0 13.69835,46.53278,0 13.69831,46.53271,0 13.69822,46.53242,0 13.69819,46.53229,0 13.6982,46.53223,0 13.69821,46.53218,0 13.69822,46.53217,0 13.69825,46.53214,0 13.6983,46.5321,0 13.69838,46.53206,0 13.69846,46.53204,0 13.69876,46.53202,0 13.69906,46.53203,0 13.6993,46.53206,0 13.69941,46.53209,0 13.69973,46.53223,0 13.69979,46.53227,0 13.69989,46.53234,0 13.70004,46.53248,0 13.70012,46.53251,0 13.70022,46.53252,0 13.70067,46.53248,0 13.70079,46.53249,0 13.7013,46.53265,0 13.70143,46.53271,0 13.70158,46.5328,0 13.70166,46.53284,0 13.70175,46.53283,0 13.70187,46.5328,0 13.70194,46.53281,0 13.70204,46.53283,0 13.70218,46.5329,0 13.70227,46.53295,0 13.70235,46.53303,0 13.70247,46.5331,0 13.70257,46.53313,0 13.70289,46.53314,0 13.70307,46.53315,0 13.70317,46.53317,0 13.70339,46.53323,0 13.70353,46.53325,0 13.70379,46.53334,0 13.704,46.53339,0 13.70425,46.53344,0 13.70441,46.53345,0 13.70457,46.53346,0 13.70476,46.5335,0 13.70487,46.53351,0 13.705,46.53351,0 13.70522,46.53348,0 13.70533,46.53349,0 13.7054,46.5335,0 13.70556,46.53357,0 13.70565,46.53359,0 13.70607,46.53364,0 13.70621,46.53364,0 13.70646,46.53361,0 13.70651,46.53362,0 13.70659,46.53364,0 13.70667,46.53367,0 13.70674,46.53369,0 13.70683,46.5337,0 13.70691,46.53369,0 13.70709,46.53365,0 13.70722,46.53363,0 13.70736,46.53363,0 13.70744,46.53361,0 13.70749,46.53359,0 13.70763,46.53354,0 13.70786,46.53355,0 13.7079,46.53354,0 13.70794,46.53352,0 13.70794,46.53348,0 13.70792,46.53345,0 13.70786,46.53343,0 13.70759,46.53343,0 13.70736,46.53345,0 13.70724,46.53344,0 13.70711,46.53342,0 13.70698,46.53339,0 13.70682,46.53333,0 13.70671,46.53328,0 13.70655,46.53317,0 13.70642,46.53312,0 13.70627,46.53306,0 13.70618,46.53304,0 13.70585,46.53301,0 13.70574,46.53298,0 13.70566,46.53295,0 13.70549,46.53287,0 13.70523,46.53279,0 13.70489,46.53268,0 13.70473,46.53261,0 13.70448,46.53251,0 13.70423,46.53238,0 13.70386,46.53226,0 13.70368,46.53216,0 13.70358,46.53208,0 13.70354,46.53202,0 13.7035,46.53189,0 13.70347,46.53185,0 13.7034,46.53182,0 13.70313,46.53176,0 13.70303,46.53172,0 13.70294,46.53165,0 13.70279,46.53157,0 13.70273,46.53152,0 13.70268,46.53144,0 13.70264,46.53141,0 13.70249,46.53139,0 13.7023,46.53141,0 13.70222,46.5314,0 13.70206,46.53134,0 13.70193,46.53125,0 13.7018,46.53123,0 13.70171,46.53122,0 13.70164,46.53118,0 13.7016,46.53115,0 13.70154,46.531,0 13.70148,46.53095,0 13.70141,46.53093,0 13.70124,46.53093,0 13.70106,46.53094,0 13.7009,46.53094,0 13.70078,46.53091,0 13.70069,46.53087,0 13.70028,46.53064,0 13.7001,46.53053,0 13.69966,46.53031,0 13.69951,46.53021,0 13.69937,46.53014,0 13.69919,46.53007,0 13.69901,46.53001,0 13.69884,46.52998,0 13.6988,46.52995,0 13.69879,46.52992,0 13.69882,46.5299,0 13.69888,46.5299,0 13.69914,46.52995,0 13.69934,46.52998,0 13.69965,46.53007,0 13.69988,46.53013,0 13.70062,46.53029,0 13.70094,46.53034,0 13.70115,46.53037,0 13.70138,46.53038,0 13.70156,46.53036,0 13.70182,46.5303,0 13.70188,46.53031,0 13.70196,46.53037,0 13.70223,46.53066,0 13.70233,46.53072,0 13.70247,46.53077,0 13.70264,46.53081,0 13.70278,46.53081,0 13.70296,46.53079,0 13.70305,46.5308,0 13.70313,46.53082,0 13.70322,46.53087,0 13.7033,46.53095,0 13.70341,46.53102,0 13.70352,46.53105,0 13.70366,46.53108,0 13.70378,46.5311,0 13.70389,46.5311,0 13.70398,46.5311,0 13.70416,46.53108,0 13.70424,46.53108,0 13.70434,46.53113,0 13.70442,46.53121,0 13.70452,46.53126,0 13.70463,46.53132,0 13.70486,46.53147,0 13.70498,46.53151,0 13.7051,46.53154,0 13.70531,46.53155,0 13.70551,46.53155,0 13.70578,46.53153,0 13.70612,46.53153,0 13.70641,46.53152,0 13.70669,46.5315,0 13.70698,46.53146,0 13.7073,46.53144,0 13.7075,46.53144,0 13.70772,46.53142,0 13.70812,46.53133,0 13.7083,46.53131,0 13.70854,46.5313,0 13.70868,46.53128,0 13.70883,46.53128,0 13.70901,46.53125,0 13.70913,46.53124,0 13.70933,46.53125,0 13.70944,46.53127,0 13.70954,46.53129,0 13.70961,46.5313,0 13.71001,46.53126,0 13.7103,46.53125,0 13.71046,46.53125,0 13.71064,46.53126,0 13.71088,46.5313,0 13.71094,46.5313,0 13.71098,46.53129,0 13.71102,46.53127,0 13.71103,46.53124,0 13.71103,46.53122,0 13.71101,46.5312,0 13.71064,46.53111,0 13.71022,46.53099,0 13.71003,46.53095,0 13.70991,46.5309,0 13.7098,46.53086,0 13.70963,46.53079,0 13.70919,46.5307,0 13.709,46.53068,0 13.70833,46.53066,0 13.70808,46.53065,0 13.70783,46.53063,0 13.70771,46.53061,0 13.7074,46.53058,0 13.70683,46.5305,0 13.70633,46.53041,0 13.70613,46.53037,0 13.70594,46.5303,0 13.70575,46.53025,0 13.70569,46.53021,0 13.70565,46.53017,0 13.70563,46.53006,0 13.70559,46.53002,0 13.70552,46.52999,0 13.70544,46.52997,0 13.70532,46.52995,0 13.70518,46.52994,0 13.70505,46.52992,0 13.70475,46.52987,0 13.70461,46.52981,0 13.70452,46.52973,0 13.70434,46.52961,0 13.70419,46.52952,0 13.70387,46.52936,0 13.70376,46.52927,0 13.7036,46.52909,0 13.70348,46.52901,0 13.70338,46.52892,0 13.70327,46.52885,0 13.70313,46.5288,0 13.70299,46.52877,0 13.70284,46.52873,0 13.70269,46.52866,0 13.70231,46.52844,0 13.70224,46.52836,0 13.70219,46.52828,0 13.70218,46.5282,0 13.70219,46.52814,0 13.70226,46.52806,0 13.70238,46.52797,0 13.70244,46.52793,0 13.70265,46.52785,0 13.70294,46.52776,0 13.70308,46.52773,0 13.7032,46.5277,0 13.70334,46.52763,0 13.70341,46.52759,0 13.70348,46.52756,0 13.70352,46.52757,0 13.70355,46.52759,0 13.70355,46.52762,0 13.70352,46.52766,0 13.70347,46.5277,0 13.70335,46.52775,0 13.70316,46.52788,0 13.70308,46.52795,0 13.70304,46.52802,0 13.70305,46.5281,0 13.70307,46.52816,0 13.70313,46.52821,0 13.70324,46.52826,0 13.70338,46.52829,0 13.70358,46.52832,0 13.70388,46.52832,0 13.70401,46.52836,0 13.70411,46.52844,0 13.70428,46.52857,0 13.70439,46.52864,0 13.70454,46.52873,0 13.70473,46.52883,0 13.70494,46.52892,0 13.70509,46.52897,0 13.70524,46.52901,0 13.70618,46.5292,0 13.70644,46.52928,0 13.70689,46.5294,0 13.70701,46.52941,0 13.7072,46.52942,0 13.70736,46.52945,0 13.70784,46.52953,0 13.70797,46.52953,0 13.70834,46.52953,0 13.7088,46.52949,0 13.70902,46.52945,0 13.70938,46.52935,0 13.70967,46.52928,0 13.70988,46.52924,0 13.71021,46.52921,0 13.71038,46.5292,0 13.71085,46.52917,0 13.71097,46.52914,0 13.71109,46.52911,0 13.71155,46.52895,0 13.71176,46.52891,0 13.71193,46.52891,0 13.71218,46.529,0 13.71228,46.52902,0 13.7128,46.52903,0 13.71307,46.52905,0 13.71331,46.52908,0 13.71377,46.52916,0 13.71423,46.52921,0 13.71446,46.52922,0 13.715,46.52917,0 13.71538,46.52917,0 13.71561,46.52915,0 13.71579,46.52912,0 13.71601,46.52906,0 13.7162,46.529,0 13.71632,46.52894,0 13.71643,46.52887,0 13.71659,46.52875,0 13.71674,46.52866,0 13.71689,46.52859,0 13.71695,46.52855,0 13.717,46.5285,0 13.71701,46.52846,0 13.71699,46.52843,0 13.71695,46.52841,0 13.7169,46.52841,0 13.71685,46.52842,0 13.7168,46.52844,0 13.71661,46.52855,0 13.71651,46.5286,0 13.71639,46.52864,0 13.71628,46.52867,0 13.71608,46.52873,0 13.71587,46.52877,0 13.71577,46.52878,0 13.71563,46.52878,0 13.7155,46.52878,0 13.71536,46.52876,0 13.71517,46.52873,0 13.71497,46.52867,0 13.71467,46.52862,0 13.71443,46.5286,0 13.71379,46.52849,0 13.71351,46.5284,0 13.71325,46.52834,0 13.71294,46.52829,0 13.71265,46.52821,0 13.71245,46.52815,0 13.71228,46.52807,0 13.71219,46.52806,0 13.71202,46.52806,0 13.71181,46.52802,0 13.71165,46.52801,0 13.71148,46.52801,0 13.71094,46.52797,0 13.71059,46.52792,0 13.71025,46.52786,0 13.70967,46.52776,0 13.70946,46.5277,0 13.70906,46.52758,0 13.70874,46.52746,0 13.70865,46.52741,0 13.70853,46.52731,0 13.70849,46.52724,0 13.70849,46.52721,0 13.70849,46.52715,0 13.7085,46.5271,0 13.70855,46.52701,0 13.7086,46.52687,0 13.70859,46.52681,0 13.70857,46.52675,0 13.70852,46.5267,0 13.70842,46.52661,0 13.70841,46.52654,0 13.70844,46.52649,0 13.70857,46.52639,0 13.70868,46.52628,0 13.70875,46.52612,0 13.70874,46.52607,0 13.70864,46.52591,0 13.70862,46.52584,0 13.70863,46.52575,0 13.70874,46.52558,0 13.7088,46.52546,0 13.70885,46.52531,0 13.70888,46.52518,0 13.70896,46.52509,0 13.70926,46.52486,0 13.70931,46.52481,0 13.70932,46.52477,0 13.70929,46.52471,0 13.70925,46.52469,0 13.70919,46.52466,0 13.70902,46.52456,0 13.70881,46.52429,0 13.70872,46.5242,0 13.70869,46.52416,0 13.70868,46.52411,0 13.70868,46.52395,0 13.70864,46.52387,0 13.70861,46.52382,0 13.70855,46.52372,0 13.70849,46.52367,0 13.70841,46.52361,0 13.70832,46.52356,0 13.70794,46.52343,0 13.70764,46.52326,0 13.7075,46.52316,0 13.70741,46.52308,0 13.70736,46.523,0 13.70732,46.52287,0 13.70732,46.52275,0 13.70737,46.52246,0 13.70737,46.52238,0 13.70735,46.52232,0 13.70729,46.52221,0 13.70721,46.52212,0 13.70714,46.52205,0 13.70684,46.52183,0 13.70671,46.52173,0 13.70661,46.52163,0 13.70648,46.52147,0 13.70646,46.52145,0 13.7064,46.52141,0 13.70631,46.52137,0 13.70629,46.52135,0 13.70627,46.52131,0 13.70628,46.5213,0 13.706,46.52119,0 13.70582,46.52112,0 13.70578,46.52108,0 13.70577,46.52102,0 13.70574,46.52096,0 13.70576,46.52088,0 13.7057,46.52083,0 13.7054,46.52065,0 13.70525,46.52054,0 13.70515,46.52033,0 13.7049,46.52,0 13.70523,46.51955,0 13.70521,46.5195,0 13.70523,46.51947,0 13.70567,46.51927,0 13.70573,46.51923,0 13.70577,46.51916,0 13.70575,46.51913,0 13.70572,46.51912,0 13.70591,46.51895,0 13.70606,46.51891,0 13.70626,46.5188,0 13.70629,46.51853,0 13.70616,46.51848,0 13.70604,46.51836,0 13.70495,46.51788,0 13.70392,46.5177,0 13.70295,46.51736,0 13.70253,46.51673,0 13.70254,46.51633,0 13.70262,46.51621,0 13.70248,46.51592,0 13.70251,46.51553,0 13.70268,46.51528,0 13.70265,46.51513,0 13.70267,46.51499,0 13.70271,46.51499,0 13.70275,46.51495,0 13.70317,46.5143,0 13.70353,46.51393,0 13.7036,46.51365,0 13.70383,46.51328,0 13.70399,46.51284,0 13.70398,46.51265,0 13.70396,46.51261,0 13.70396,46.51258,0 13.70397,46.51256,0 13.70399,46.51255,0 13.70402,46.51248,0 13.70401,46.51245,0 13.70393,46.51232,0 13.70392,46.51227,0 13.70397,46.51217,0 13.70405,46.51203,0 13.70406,46.51199,0 13.70403,46.51189,0 13.70392,46.51176,0 13.70385,46.51167,0 13.70382,46.5116,0 13.7038,46.51155,0 13.70379,46.51143,0 13.70379,46.51125,0 13.70384,46.51124,0 13.70397,46.51117,0 13.70406,46.51114,0 13.7041,46.51114,0 13.70434,46.51106,0 13.70465,46.51099,0 13.7048,46.51092,0 13.70507,46.51086,0 13.70537,46.5108,0 13.70564,46.5108,0 13.70607,46.51086,0 13.70634,46.51093,0 13.70651,46.51094,0 13.70668,46.51088,0 13.70692,46.51085,0 13.70707,46.5109,0 13.70726,46.51101,0 13.70731,46.51112,0 13.70769,46.51117,0 13.70809,46.51127,0 13.70864,46.51147,0</coordinates>
          </LineString>
        </Placemark>
        <Placemark>
          <name>Seg. 6 — 11.9 km (à pied)</name>
          <styleUrl>#route_p8</styleUrl>
          <LineString>
            <tessellate>1</tessellate>
            <coordinates>13.70864,46.51147,0 13.70809,46.51127,0 13.70769,46.51117,0 13.70731,46.51112,0 13.70726,46.51101,0 13.70707,46.5109,0 13.70692,46.51085,0 13.70668,46.51088,0 13.70651,46.51094,0 13.70634,46.51093,0 13.70607,46.51086,0 13.70564,46.5108,0 13.70537,46.5108,0 13.70507,46.51086,0 13.7048,46.51092,0 13.70465,46.51099,0 13.70434,46.51106,0 13.7041,46.51114,0 13.70406,46.51114,0 13.70397,46.51117,0 13.70384,46.51124,0 13.70379,46.51125,0 13.70379,46.51143,0 13.7038,46.51155,0 13.70382,46.5116,0 13.70385,46.51167,0 13.70392,46.51176,0 13.70403,46.51189,0 13.70406,46.51199,0 13.70405,46.51203,0 13.70397,46.51217,0 13.70392,46.51227,0 13.70393,46.51232,0 13.70401,46.51245,0 13.70402,46.51248,0 13.70399,46.51255,0 13.70397,46.51256,0 13.70396,46.51258,0 13.70396,46.51261,0 13.70398,46.51265,0 13.70399,46.51284,0 13.70383,46.51328,0 13.7036,46.51365,0 13.70353,46.51393,0 13.70317,46.5143,0 13.70275,46.51495,0 13.70271,46.51499,0 13.70267,46.51499,0 13.70265,46.51499,0 13.70263,46.51496,0 13.70262,46.51494,0 13.70272,46.51475,0 13.70264,46.51413,0 13.70249,46.51386,0 13.70249,46.51376,0 13.70248,46.51373,0 13.70244,46.51372,0 13.70239,46.51372,0 13.70237,46.51374,0 13.70222,46.514,0 13.70219,46.51407,0 13.70219,46.51418,0 13.70217,46.51427,0 13.70205,46.5145,0 13.7018,46.51489,0 13.70159,46.51514,0 13.70158,46.51518,0 13.70159,46.51525,0 13.70164,46.5153,0 13.70166,46.51535,0 13.70166,46.5154,0 13.70164,46.51545,0 13.70146,46.51552,0 13.70139,46.51556,0 13.70135,46.51562,0 13.70133,46.51575,0 13.70133,46.51583,0 13.70132,46.51584,0 13.70129,46.51585,0 13.70126,46.51584,0 13.70124,46.51582,0 13.70123,46.51566,0 13.70124,46.51554,0 13.7012,46.5154,0 13.70124,46.51526,0 13.70124,46.51515,0 13.7012,46.51511,0 13.70112,46.51511,0 13.70101,46.51521,0 13.70093,46.51526,0 13.70087,46.51526,0 13.70071,46.51525,0 13.70064,46.51535,0 13.70056,46.51582,0 13.70056,46.51608,0 13.70064,46.51628,0 13.70064,46.51635,0 13.70062,46.51638,0 13.70057,46.5164,0 13.70054,46.5164,0 13.70049,46.51639,0 13.70046,46.51635,0 13.7004,46.51615,0 13.70033,46.51603,0 13.70025,46.51593,0 13.70012,46.51581,0 13.70002,46.51573,0 13.69975,46.51541,0 13.69965,46.51532,0 13.69953,46.51528,0 13.69929,46.51529,0 13.69909,46.51532,0 13.69857,46.51557,0 13.69819,46.5158,0 13.69748,46.51609,0 13.6969,46.51619,0 13.69598,46.51658,0 13.69555,46.51691,0 13.69519,46.51715,0 13.695,46.51721,0 13.6948,46.51724,0 13.69462,46.51726,0 13.69448,46.51725,0 13.69425,46.51722,0 13.69416,46.51722,0 13.69403,46.51725,0 13.69376,46.51736,0 13.69357,46.51745,0 13.69331,46.51753,0 13.69307,46.51756,0 13.69299,46.51759,0 13.69296,46.51762,0 13.69252,46.51814,0 13.69242,46.51821,0 13.69228,46.5183,0 13.69206,46.51836,0 13.69183,46.51841,0 13.69155,46.5184,0 13.69072,46.51845,0 13.68989,46.51857,0 13.68974,46.51857,0 13.68947,46.5185,0 13.68926,46.51841,0 13.68905,46.51829,0 13.68832,46.51772,0 13.68818,46.51763,0 13.68806,46.51758,0 13.68798,46.51756,0 13.68784,46.51756,0 13.68767,46.51757,0 13.6876,46.51759,0 13.68754,46.51765,0 13.68754,46.51771,0 13.68757,46.51793,0 13.68753,46.51798,0 13.68746,46.51801,0 13.68727,46.51804,0 13.68631,46.5181,0 13.68614,46.51806,0 13.68596,46.51797,0 13.68568,46.51781,0 13.68524,46.5175,0 13.685,46.51736,0 13.68482,46.51731,0 13.68446,46.51728,0 13.68352,46.51725,0 13.68341,46.51728,0 13.68329,46.51739,0 13.68307,46.51761,0 13.68293,46.5177,0 13.6827,46.51777,0 13.68252,46.5178,0 13.68183,46.51783,0 13.68166,46.51787,0 13.68147,46.51792,0 13.68124,46.51795,0 13.68102,46.51798,0 13.6803,46.51805,0 13.68003,46.51815,0 13.67977,46.51829,0 13.67968,46.51833,0 13.67957,46.51835,0 13.67947,46.51837,0 13.67937,46.51837,0 13.67917,46.51837,0 13.679,46.51835,0 13.67869,46.51823,0 13.67848,46.51808,0 13.67797,46.5175,0 13.67763,46.5171,0 13.6775,46.517,0 13.67697,46.51702,0 13.67686,46.51702,0 13.6767,46.51701,0 13.67658,46.51697,0 13.67643,46.51688,0 13.67634,46.51679,0 13.67625,46.51674,0 13.67598,46.5167,0 13.6756,46.51666,0 13.67459,46.51639,0 13.67439,46.51637,0 13.67417,46.5164,0 13.67321,46.51666,0 13.67307,46.51669,0 13.67286,46.51669,0 13.67269,46.51666,0 13.67245,46.5166,0 13.67234,46.51656,0 13.67226,46.51647,0 13.67217,46.51635,0 13.6721,46.51629,0 13.67197,46.51629,0 13.67183,46.51634,0 13.67162,46.51645,0 13.67141,46.51653,0 13.67119,46.51658,0 13.67107,46.51657,0 13.67081,46.51652,0 13.67042,46.51642,0 13.67014,46.51646,0 13.66998,46.51649,0 13.66963,46.51651,0 13.66909,46.51651,0 13.66864,46.51646,0 13.66778,46.51638,0 13.66746,46.51629,0 13.66676,46.51616,0 13.66558,46.51584,0 13.66519,46.51575,0 13.66495,46.51573,0 13.66475,46.51573,0 13.66456,46.51572,0 13.66437,46.51567,0 13.66419,46.51561,0 13.66399,46.51551,0 13.66383,46.51541,0 13.66366,46.51531,0 13.663,46.5149,0 13.66255,46.51474,0 13.66214,46.51462,0 13.66194,46.5145,0 13.66181,46.51443,0 13.66145,46.51411,0 13.66115,46.51372,0 13.66075,46.5136,0 13.6599,46.5136,0 13.65926,46.51351,0 13.65817,46.51317,0 13.65743,46.51309,0 13.65708,46.513,0 13.65657,46.51267,0 13.65608,46.51229,0 13.65588,46.51215,0 13.65544,46.51206,0 13.65522,46.51195,0 13.65498,46.51183,0 13.65468,46.51164,0 13.6542,46.51131,0 13.65412,46.51124,0 13.65404,46.5112,0 13.65378,46.51116,0 13.65357,46.51112,0 13.65269,46.51083,0 13.65257,46.5108,0 13.652,46.51075,0 13.65185,46.51071,0 13.65162,46.51065,0 13.65155,46.51064,0 13.65146,46.51064,0 13.65123,46.51068,0 13.65108,46.5107,0 13.65095,46.5107,0 13.6508,46.51069,0 13.65067,46.51066,0 13.65054,46.51061,0 13.6502,46.51043,0 13.64985,46.51029,0 13.64969,46.51026,0 13.6492,46.51019,0 13.64904,46.51013,0 13.6489,46.51006,0 13.64874,46.50996,0 13.64815,46.50964,0 13.64801,46.50958,0 13.64784,46.50956,0 13.64742,46.50954,0 13.64697,46.50954,0 13.64661,46.50952,0 13.64638,46.5095,0 13.6457,46.50949,0 13.64562,46.50949,0 13.64493,46.50945,0 13.64471,46.50942,0 13.64448,46.50937,0 13.64416,46.50927,0 13.64397,46.50916,0 13.64384,46.50907,0 13.64372,46.50896,0 13.64368,46.50875,0 13.64372,46.50845,0 13.64386,46.50809,0 13.64384,46.50802,0 13.64378,46.50795,0 13.6437,46.5079,0 13.6436,46.5079,0 13.64349,46.50792,0 13.64338,46.50799,0 13.6432,46.50805,0 13.64304,46.50806,0 13.64288,46.50805,0 13.64274,46.50804,0 13.64261,46.508,0 13.64234,46.50789,0 13.64221,46.50786,0 13.64192,46.50785,0 13.6416,46.50787,0 13.64112,46.50791,0 13.64101,46.50789,0 13.64086,46.50785,0 13.64054,46.50772,0 13.64037,46.50764,0 13.64012,46.50751,0 13.63997,46.50741,0 13.63989,46.50731,0 13.63979,46.50718,0 13.63958,46.50675,0 13.63946,46.50655,0 13.63933,46.50637,0 13.63906,46.50609,0 13.63885,46.50596,0 13.63852,46.50575,0 13.6383,46.50556,0 13.6381,46.50534,0 13.63793,46.50507,0 13.6379,46.50496,0 13.63789,46.50467,0 13.63801,46.50443,0 13.63823,46.5042,0 13.63837,46.50392,0 13.63859,46.50378,0 13.6386,46.50371,0 13.63858,46.50366,0 13.63851,46.50361,0 13.63848,46.5036,0 13.63838,46.5036,0 13.63821,46.50361,0 13.63789,46.50361,0 13.63771,46.50356,0 13.63758,46.50346,0 13.63748,46.50323,0 13.63733,46.50311,0 13.63696,46.50294,0 13.6368,46.50279,0 13.63664,46.50263,0 13.63656,46.50221,0 13.63619,46.50184,0 13.63553,46.50167,0 13.63539,46.50161,0 13.6353,46.50155,0 13.63524,46.50147,0 13.63513,46.50117,0 13.63513,46.50109,0 13.63517,46.501,0 13.63524,46.50094,0 13.63534,46.50089,0 13.63561,46.50084,0 13.63568,46.50081,0 13.63575,46.50076,0 13.63588,46.50058,0 13.63595,46.50053,0 13.63648,46.50041,0 13.6365,46.50029,0 13.63626,46.50016,0 13.63615,46.49993,0 13.63612,46.49983,0 13.63596,46.49957,0 13.63588,46.49935,0 13.63586,46.49927,0 13.63585,46.49918,0 13.63589,46.49912,0 13.63601,46.49902,0 13.63622,46.49891,0 13.63632,46.49872,0 13.63647,46.49866,0 13.63688,46.49854,0 13.63728,46.49841,0 13.63735,46.49838,0 13.6374,46.49835,0 13.63743,46.4983,0 13.63754,46.4981,0 13.63762,46.49798,0 13.63771,46.49788,0 13.63788,46.49776,0 13.63806,46.49765,0 13.63823,46.49756,0 13.63844,46.49747,0 13.63869,46.4974,0 13.63894,46.49733,0 13.63908,46.4973,0 13.63934,46.49727,0 13.63944,46.49723,0 13.63971,46.4971,0 13.63976,46.49708,0 13.63993,46.49708,0 13.63997,46.49707,0 13.64,46.49706,0 13.64013,46.49697,0 13.64025,46.49691,0 13.64037,46.49688,0 13.64042,46.49683,0 13.64048,46.49677,0 13.64053,46.49672,0 13.64063,46.49668,0 13.64076,46.49667,0 13.64156,46.49669,0 13.64169,46.49668,0 13.64179,46.49665,0 13.64206,46.49654,0 13.64221,46.49649,0 13.64265,46.49639,0 13.64272,46.49636,0 13.64276,46.4963,0 13.64275,46.49622,0 13.64264,46.49603,0 13.64255,46.49593,0 13.64251,46.4959,0 13.64239,46.49582,0 13.64225,46.49573,0 13.64213,46.49565,0 13.64158,46.49541,0 13.64152,46.49539,0 13.6415,46.49535,0 13.64156,46.49525,0 13.6416,46.49522,0 13.64165,46.4952,0 13.64166,46.49518,0 13.64166,46.49516,0 13.64162,46.49509,0 13.6416,46.49507,0 13.6414,46.49507,0 13.64117,46.49503,0 13.64102,46.49503,0 13.6409,46.49501,0 13.64062,46.49499,0 13.64052,46.49496,0 13.64038,46.49493,0 13.64029,46.49487,0 13.64024,46.49477,0 13.63998,46.49438,0 13.63984,46.4942,0 13.6398,46.49414,0 13.63967,46.49401,0 13.63962,46.49395,0 13.6396,46.4939,0 13.6396,46.49386,0 13.63963,46.49374,0 13.63965,46.49369,0 13.63984,46.49335,0 13.63987,46.49333,0 13.63991,46.49332,0 13.63995,46.49333,0 13.63998,46.49334,0 13.64014,46.49353,0 13.64027,46.49365,0 13.64045,46.49377,0 13.64074,46.49391,0 13.64085,46.49395,0 13.6409,46.49396,0 13.64094,46.49395,0 13.64097,46.49394,0 13.64099,46.49387,0 13.64101,46.49356,0 13.64105,46.49326,0 13.64106,46.49318,0 13.64113,46.49305,0 13.64129,46.49288,0 13.64131,46.49285,0 13.64131,46.49281,0 13.64129,46.49279,0 13.64122,46.49276,0 13.64098,46.49271,0 13.64075,46.4927,0 13.64071,46.49269,0 13.64069,46.49267,0 13.64069,46.49265,0 13.64071,46.49263,0 13.64074,46.49262,0 13.6408,46.4926,0 13.64086,46.4926,0 13.64093,46.49261,0 13.64106,46.4926,0 13.64113,46.49259,0 13.64119,46.49256,0 13.64125,46.49251,0 13.64134,46.4924,0 13.64152,46.49214,0 13.64163,46.492,0 13.64191,46.49174,0 13.64192,46.49171,0 13.64192,46.49168,0 13.64189,46.49167,0 13.64184,46.49167,0 13.6418,46.49168,0 13.64173,46.49173,0 13.64161,46.4918,0 13.64126,46.49195,0 13.64111,46.49202,0 13.64106,46.49203,0 13.64102,46.49202,0 13.641,46.492,0 13.64101,46.49195,0 13.64131,46.49175,0 13.64141,46.49167,0 13.64147,46.49164,0 13.64153,46.49158,0 13.64161,46.49148,0 13.64184,46.49114,0 13.64198,46.49084,0 13.64198,46.49078,0 13.64198,46.49073,0 13.64196,46.49069,0 13.64193,46.49066,0 13.64185,46.4906,0 13.64179,46.49052,0 13.64178,46.49047,0 13.64178,46.49042,0 13.64183,46.49033,0 13.6419,46.49027,0 13.64205,46.49019,0 13.64227,46.4901,0 13.64248,46.49005,0 13.64278,46.49003,0 13.64308,46.48998,0 13.64323,46.48994,0 13.64336,46.4899,0 13.64349,46.48984,0 13.6437,46.48973,0 13.64388,46.48965,0 13.64398,46.48964,0 13.64401,46.48964,0 13.64407,46.48966,0 13.64411,46.48969,0 13.64421,46.48977,0 13.64426,46.4898,0 13.64433,46.4898,0 13.64443,46.4898,0 13.64451,46.48978,0 13.64484,46.48968,0 13.64507,46.4896,0 13.64514,46.48938,0 13.64563,46.48909,0 13.6461,46.48889,0 13.64686,46.48862,0 13.64748,46.48838,0 13.64765,46.4882,0 13.64772,46.48804,0 13.64771,46.4879,0 13.64764,46.48778,0 13.64767,46.48762,0 13.64785,46.48755,0 13.64797,46.48747,0 13.6481,46.48732,0 13.64817,46.48713,0 13.6487,46.48694,0 13.64902,46.48673,0 13.64948,46.48663,0 13.64986,46.48658,0 13.64928,46.48665,0 13.6489,46.48666,0 13.64859,46.48651,0 13.64839,46.4862,0 13.64812,46.48596,0 13.64773,46.48588,0 13.64712,46.48555,0 13.64675,46.48533,0 13.64622,46.48512,0 13.64556,46.48488,0 13.64535,46.48473,0 13.64502,46.48443,0 13.64486,46.48431,0 13.64468,46.48417,0 13.64458,46.484,0 13.64457,46.48389,0 13.64478,46.48362,0 13.64493,46.48337,0 13.64496,46.4832,0 13.64496,46.4828,0 13.6452,46.48248,0 13.64521,46.48227,0 13.64513,46.48213,0 13.64534,46.48178,0 13.64533,46.48149,0 13.64519,46.48122,0 13.6452,46.48097,0 13.64531,46.48078,0 13.64542,46.48069,0</coordinates>
          </LineString>
        </Placemark>
      </Folder>
      <Folder>
        <name>Épilogue</name>
        <open>0</open>
        <Placemark>
          <name>Seg. 1 — 37.3 km (à pied)</name>
          <styleUrl>#route_p9</styleUrl>
          <LineString>
            <tessellate>1</tessellate>
            <coordinates>13.62624,46.51204,0 13.62623,46.51208,0 13.62621,46.51212,0 13.62608,46.51223,0 13.62602,46.51226,0 13.62596,46.51229,0 13.6259,46.5123,0 13.62577,46.5123,0 13.62562,46.51233,0 13.62556,46.51239,0 13.62555,46.51241,0 13.62554,46.51244,0 13.62555,46.51256,0 13.62552,46.5126,0 13.62545,46.51263,0 13.62541,46.51264,0 13.62537,46.51264,0 13.62531,46.51263,0 13.62507,46.51251,0 13.62501,46.51251,0 13.62492,46.51253,0 13.62459,46.51267,0 13.62439,46.51274,0 13.62428,46.51275,0 13.62412,46.51275,0 13.62402,46.51252,0 13.62378,46.51182,0 13.6238,46.51175,0 13.62389,46.51169,0 13.62434,46.51154,0 13.62441,46.5115,0 13.62448,46.51145,0 13.62449,46.51142,0 13.6245,46.51137,0 13.62449,46.51129,0 13.62442,46.51124,0 13.62407,46.51105,0 13.62401,46.51098,0 13.62402,46.51089,0 13.62407,46.51083,0 13.6241,46.51075,0 13.62406,46.51067,0 13.62391,46.51056,0 13.62342,46.51026,0 13.6232,46.51017,0 13.62296,46.51009,0 13.62269,46.51005,0 13.62171,46.50999,0 13.6212,46.50986,0 13.62093,46.50974,0 13.62074,46.50961,0 13.62066,46.50949,0 13.62065,46.5094,0 13.62067,46.50931,0 13.62073,46.50925,0 13.62083,46.5092,0 13.62093,46.50919,0 13.62115,46.50922,0 13.62125,46.50921,0 13.62134,46.50918,0 13.62163,46.50902,0 13.62165,46.50899,0 13.62166,46.50894,0 13.62164,46.5089,0 13.62144,46.50873,0 13.62122,46.50868,0 13.62117,46.50864,0 13.62116,46.50858,0 13.62121,46.50852,0 13.62145,46.50839,0 13.62166,46.50823,0 13.62176,46.50811,0 13.62184,46.50799,0 13.62196,46.50785,0 13.62213,46.50771,0 13.62243,46.50749,0 13.62259,46.5074,0 13.62302,46.50721,0 13.62324,46.50717,0 13.62343,46.50709,0 13.62356,46.50701,0 13.62368,46.5069,0 13.62372,46.50683,0 13.62376,46.50672,0 13.62379,46.50653,0 13.62378,46.50649,0 13.62374,46.50643,0 13.62369,46.50637,0 13.62361,46.50631,0 13.62345,46.50621,0 13.62336,46.50614,0 13.6232,46.50599,0 13.62303,46.50574,0 13.62293,46.50564,0 13.62264,46.50547,0 13.62255,46.50541,0 13.62249,46.50534,0 13.62245,46.50527,0 13.62197,46.50532,0 13.62138,46.50545,0 13.62096,46.5054,0 13.62048,46.50545,0 13.62003,46.50578,0 13.61941,46.50615,0 13.61908,46.50638,0 13.61886,46.50646,0 13.61857,46.50644,0 13.61841,46.50655,0 13.61815,46.50671,0 13.61806,46.50677,0 13.6176,46.507,0 13.61722,46.50717,0 13.61684,46.5073,0 13.61625,46.50747,0 13.61594,46.50755,0 13.61577,46.50758,0 13.61562,46.5076,0 13.61544,46.50763,0 13.61526,46.50768,0 13.61497,46.50777,0 13.61479,46.50784,0 13.61458,46.50794,0 13.61424,46.5081,0 13.61354,46.50852,0 13.61342,46.50858,0 13.61331,46.50862,0 13.61323,46.50864,0 13.61318,46.50868,0 13.61309,46.50879,0 13.61298,46.50896,0 13.61292,46.50909,0 13.6129,46.50919,0 13.61287,46.50938,0 13.61283,46.50949,0 13.6128,46.50957,0 13.61265,46.5097,0 13.61254,46.50976,0 13.61232,46.5099,0 13.61223,46.50993,0 13.61211,46.50995,0 13.61203,46.50995,0 13.61192,46.50993,0 13.61149,46.50973,0 13.6113,46.50967,0 13.61062,46.50951,0 13.61046,46.50945,0 13.61013,46.50927,0 13.6099,46.50912,0 13.60971,46.50899,0 13.60954,46.50885,0 13.60939,46.50871,0 13.60917,46.50848,0 13.60866,46.50801,0 13.60741,46.50718,0 13.60724,46.5071,0 13.60711,46.50708,0 13.6068,46.50708,0 13.60658,46.50705,0 13.60641,46.50697,0 13.60632,46.50689,0 13.606,46.50646,0 13.60592,46.50637,0 13.60584,46.5063,0 13.60572,46.50622,0 13.60554,46.50616,0 13.60533,46.50613,0 13.60517,46.50611,0 13.60495,46.50611,0 13.6044,46.50615,0 13.60414,46.50615,0 13.60407,46.50615,0 13.60395,46.50613,0 13.60356,46.50598,0 13.60347,46.50597,0 13.60338,46.50597,0 13.60326,46.50599,0 13.60317,46.50602,0 13.60299,46.50609,0 13.60285,46.50614,0 13.60267,46.50622,0 13.60261,46.50626,0 13.60254,46.50631,0 13.602,46.50669,0 13.6019,46.50676,0 13.60144,46.5071,0 13.60125,46.50726,0 13.60095,46.50746,0 13.6008,46.50755,0 13.60062,46.50762,0 13.60037,46.5077,0 13.60013,46.50776,0 13.60007,46.50779,0 13.60001,46.50784,0 13.59998,46.50788,0 13.5998,46.50786,0 13.59961,46.50785,0 13.59816,46.50771,0 13.59776,46.50766,0 13.59744,46.5076,0 13.59729,46.50756,0 13.59714,46.50751,0 13.59678,46.50738,0 13.59672,46.50736,0 13.59662,46.50731,0 13.59643,46.50722,0 13.59629,46.50713,0 13.59577,46.50676,0 13.59567,46.50668,0 13.59521,46.50633,0 13.59499,46.50618,0 13.59483,46.50608,0 13.59453,46.50593,0 13.59426,46.50582,0 13.59399,46.50574,0 13.59375,46.50568,0 13.59362,46.50566,0 13.59355,46.50565,0 13.59321,46.50561,0 13.59267,46.50556,0 13.59078,46.50544,0 13.59066,46.50543,0 13.59043,46.50541,0 13.58987,46.50535,0 13.58971,46.50532,0 13.58949,46.50527,0 13.58942,46.50526,0 13.58867,46.50507,0 13.58833,46.50502,0 13.58803,46.50498,0 13.58708,46.50489,0 13.58674,46.50485,0 13.58638,46.50477,0 13.58572,46.5046,0 13.58526,46.50448,0 13.58502,46.50443,0 13.58466,46.5044,0 13.58438,46.50438,0 13.58422,46.50439,0 13.58391,46.50441,0 13.58353,46.50445,0 13.58225,46.50472,0 13.582,46.50477,0 13.58169,46.50482,0 13.58138,46.50485,0 13.58101,46.50486,0 13.58065,46.50486,0 13.58038,46.50484,0 13.58021,46.50483,0 13.5801,46.50482,0 13.57988,46.50478,0 13.57966,46.50474,0 13.57929,46.50467,0 13.57894,46.50461,0 13.57859,46.50458,0 13.57841,46.50458,0 13.57816,46.50458,0 13.57777,46.5046,0 13.57734,46.50464,0 13.57553,46.50482,0 13.57481,46.50489,0 13.5747,46.5049,0 13.57459,46.50491,0 13.57415,46.50497,0 13.57394,46.50501,0 13.57366,46.50508,0 13.57341,46.50516,0 13.57334,46.50519,0 13.5732,46.50524,0 13.57299,46.50534,0 13.57283,46.50543,0 13.57265,46.50554,0 13.57258,46.5056,0 13.5725,46.50566,0 13.57237,46.50576,0 13.57182,46.5062,0 13.57162,46.50635,0 13.57125,46.50657,0 13.57103,46.50667,0 13.5708,46.50675,0 13.57056,46.50682,0 13.57033,46.50688,0 13.56983,46.507,0 13.56781,46.50746,0 13.56752,46.50753,0 13.56739,46.50756,0 13.56687,46.50768,0 13.56634,46.50775,0 13.56612,46.50777,0 13.56587,46.50778,0 13.56508,46.50777,0 13.56483,46.50778,0 13.56459,46.5078,0 13.56433,46.50783,0 13.56411,46.50787,0 13.56386,46.50794,0 13.56362,46.50802,0 13.5633,46.50814,0 13.56285,46.50832,0 13.56245,46.50847,0 13.56211,46.50856,0 13.56191,46.5086,0 13.56046,46.50889,0 13.56035,46.50891,0 13.55971,46.50905,0 13.5593,46.5091,0 13.55877,46.5092,0 13.55853,46.50923,0 13.55817,46.50925,0 13.55757,46.50932,0 13.55737,46.50934,0 13.55538,46.50949,0 13.55524,46.50951,0 13.55518,46.50953,0 13.55509,46.50955,0 13.55412,46.50962,0 13.55362,46.50967,0 13.55313,46.5097,0 13.55165,46.5098,0 13.55027,46.50988,0 13.54964,46.50993,0 13.54948,46.50994,0 13.54936,46.50995,0 13.54871,46.50999,0 13.54842,46.51004,0 13.548,46.51014,0 13.54775,46.51018,0 13.54662,46.51043,0 13.54643,46.51048,0 13.54618,46.51054,0 13.54572,46.5106,0 13.54551,46.51062,0 13.54437,46.51068,0 13.5437,46.51069,0 13.54342,46.51068,0 13.54318,46.51066,0 13.54296,46.51064,0 13.54283,46.51062,0 13.54244,46.51055,0 13.54036,46.51015,0 13.5361,46.50936,0 13.53569,46.50927,0 13.53534,46.50917,0 13.535,46.50904,0 13.53484,46.50897,0 13.53468,46.50889,0 13.53461,46.50884,0 13.53457,46.5088,0 13.53454,46.50876,0 13.53449,46.50871,0 13.5343,46.5087,0 13.53425,46.50871,0 13.53417,46.50872,0 13.53416,46.50867,0 13.53418,46.50865,0 13.53419,46.50863,0 13.53417,46.50856,0 13.53412,46.50848,0 13.5339,46.50821,0 13.53383,46.50812,0 13.53371,46.50794,0 13.53358,46.50772,0 13.5333,46.50731,0 13.53315,46.50715,0 13.53296,46.50697,0 13.53286,46.50689,0 13.53278,46.50683,0 13.53274,46.5068,0 13.53242,46.5066,0 13.5322,46.50648,0 13.53201,46.50641,0 13.53175,46.50632,0 13.53141,46.50624,0 13.5311,46.50618,0 13.53067,46.50614,0 13.52941,46.50605,0 13.52864,46.50598,0 13.52782,46.50587,0 13.52664,46.50569,0 13.52637,46.50567,0 13.52568,46.50566,0 13.52558,46.50566,0 13.52443,46.50567,0 13.52417,46.50566,0 13.52389,46.50562,0 13.52353,46.50553,0 13.52279,46.50532,0 13.52198,46.50505,0 13.52124,46.50481,0 13.5209,46.50471,0 13.52078,46.50466,0 13.52035,46.50449,0 13.51951,46.50411,0 13.5193,46.50403,0 13.51897,46.50392,0 13.51876,46.50386,0 13.51838,46.50379,0 13.51815,46.50376,0 13.51762,46.50373,0 13.51727,46.50372,0 13.51657,46.50366,0 13.51596,46.50359,0 13.51524,46.50344,0 13.51405,46.50314,0 13.51323,46.50296,0 13.51264,46.50288,0 13.51226,46.50285,0 13.51172,46.50285,0 13.51154,46.50285,0 13.51124,46.50286,0 13.51053,46.50291,0 13.50934,46.50302,0 13.50896,46.50305,0 13.50862,46.50306,0 13.50838,46.50306,0 13.50819,46.50306,0 13.50764,46.50303,0 13.50713,46.50297,0 13.50676,46.50291,0 13.50653,46.50287,0 13.50618,46.50278,0 13.50559,46.5026,0 13.50532,46.5025,0 13.50338,46.50174,0 13.50266,46.50145,0 13.50184,46.50116,0 13.50155,46.50107,0 13.50145,46.501,0 13.50136,46.501,0 13.5013,46.50102,0 13.50122,46.50103,0 13.50113,46.50102,0 13.50102,46.50101,0 13.50059,46.50098,0 13.50019,46.50096,0 13.49988,46.50099,0 13.49949,46.50104,0 13.49945,46.50105,0 13.4994,46.50105,0 13.49924,46.50107,0 13.49917,46.50107,0 13.49913,46.50108,0 13.49909,46.50108,0 13.49893,46.5011,0 13.49861,46.50116,0 13.49812,46.50136,0 13.49789,46.50147,0 13.49772,46.50162,0 13.49747,46.50172,0 13.4973,46.50183,0 13.4972,46.50191,0 13.4958,46.50311,0 13.49517,46.50366,0 13.49495,46.50391,0 13.49384,46.50527,0 13.49361,46.50551,0 13.49327,46.50581,0 13.49281,46.50606,0 13.49197,46.50647,0 13.49104,46.5069,0 13.49006,46.50732,0 13.48897,46.50768,0 13.48839,46.50783,0 13.48802,46.50793,0 13.48746,46.50805,0 13.48681,46.50818,0 13.48597,46.50829,0 13.4853,46.50834,0 13.48467,46.5084,0 13.48195,46.50866,0 13.48166,46.50869,0 13.48147,46.50872,0 13.48141,46.50873,0 13.48136,46.50874,0 13.48132,46.50875,0 13.4812,46.50878,0 13.48117,46.50878,0 13.48096,46.50882,0 13.4805,46.50892,0 13.47988,46.50902,0 13.47966,46.50907,0 13.47843,46.50939,0 13.47805,46.50947,0 13.4777,46.50953,0 13.4773,46.50957,0 13.47701,46.50959,0 13.47665,46.5096,0 13.47459,46.50963,0 13.47424,46.50964,0 13.4738,46.50965,0 13.47318,46.50968,0 13.47237,46.50976,0 13.47199,46.50978,0 13.47192,46.50978,0 13.47185,46.50979,0 13.47178,46.50979,0 13.47164,46.50979,0 13.47161,46.50979,0 13.4713,46.5098,0 13.47113,46.50979,0 13.47076,46.50977,0 13.47047,46.50974,0 13.46901,46.50956,0 13.46864,46.5095,0 13.46826,46.50947,0 13.46817,46.50945,0 13.46805,46.50944,0 13.46409,46.50892,0 13.4636,46.50886,0 13.46358,46.50885,0 13.46351,46.50884,0 13.46344,46.50883,0 13.46062,46.50846,0 13.46034,46.50843,0 13.45919,46.50827,0 13.45888,46.50822,0 13.45857,46.50816,0 13.45842,46.50812,0 13.45828,46.50807,0 13.45798,46.50797,0 13.45779,46.50789,0 13.45762,46.5078,0 13.45717,46.50753,0 13.45701,46.50742,0 13.45679,46.50721,0 13.45641,46.50681,0 13.45606,46.50643,0 13.45567,46.5061,0 13.45509,46.50579,0 13.45465,46.50565,0 13.45433,46.50558,0 13.45402,46.50552,0 13.45374,46.50549,0 13.45346,46.50547,0 13.45168,46.50541,0 13.45122,46.50538,0 13.45078,46.50534,0 13.4505,46.50528,0 13.45028,46.50522,0 13.44978,46.50507,0 13.44962,46.50501,0 13.44942,46.50495,0 13.449,46.50481,0 13.44815,46.50456,0 13.44801,46.50452,0 13.44729,46.50434,0 13.44663,46.5042,0 13.44499,46.5038,0 13.44413,46.50365,0 13.44366,46.50358,0 13.44205,46.50343,0 13.4419,46.50341,0 13.44161,46.50338,0 13.44105,46.50337,0 13.44055,46.50335,0 13.44029,46.50333,0 13.43836,46.50309,0 13.4377,46.50299,0 13.43728,46.50288,0 13.43657,46.50272,0 13.43511,46.50234,0 13.43496,46.50231,0 13.43474,46.50226,0 13.43452,46.50223,0 13.43415,46.5022,0 13.43372,46.5022,0 13.43307,46.50226,0 13.4325,46.5023,0 13.42929,46.50256,0 13.42873,46.5026,0 13.4272,46.50275,0 13.42685,46.5028,0 13.4265,46.50286,0 13.42566,46.50307,0 13.42512,46.50323,0 13.42463,46.50333,0 13.42405,46.50338,0 13.42349,46.50339,0 13.42302,46.50332,0 13.4226,46.50322,0 13.42213,46.50306,0 13.42169,46.50282,0 13.42133,46.50259,0 13.42107,46.50234,0 13.42077,46.50202,0 13.42049,46.50169,0 13.42027,46.50141,0 13.41995,46.50118,0 13.41949,46.50094,0 13.41918,46.50082,0 13.41885,46.50072,0 13.4182,46.5006,0 13.41787,46.50057,0 13.41753,46.50056,0 13.41644,46.50066,0 13.41506,46.50081,0 13.41397,46.5009,0 13.41331,46.50097,0 13.41299,46.50099,0 13.41282,46.50099,0 13.41254,46.50098,0 13.41236,46.50097,0 13.41219,46.50095,0 13.41193,46.50091,0 13.41161,46.50083,0 13.41098,46.50068,0 13.41056,46.50057,0 13.40983,46.5004,0 13.40954,46.50035,0 13.40922,46.5003,0 13.40891,46.50027,0 13.40862,46.50026,0 13.40826,46.50028,0 13.40786,46.50032,0 13.40723,46.50042,0 13.4069,46.50052,0 13.40659,46.50064,0 13.40611,46.50083,0 13.40559,46.50107,0 13.4053,46.5012,0 13.40509,46.50127,0 13.40483,46.50135,0 13.40462,46.5014,0 13.40408,46.50149,0 13.4035,46.50154,0 13.40297,46.50149,0 13.40235,46.50135,0 13.40166,46.50107,0 13.40135,46.50092,0 13.40082,46.50062,0 13.40044,46.50044,0 13.4,46.50029,0 13.39973,46.50021,0 13.39929,46.50011,0 13.39876,46.50006,0 13.3982,46.50008,0 13.39796,46.5001,0 13.39763,46.50012,0 13.39722,46.50017,0 13.39654,46.50025,0 13.39587,46.50034,0 13.39428,46.50058,0 13.39196,46.50091,0 13.39185,46.50093,0 13.39173,46.50095,0 13.39128,46.50103,0 13.391,46.50106,0 13.39052,46.50106,0 13.38929,46.50106,0 13.38856,46.50109,0 13.38777,46.50108,0 13.38745,46.50109,0 13.38714,46.5011,0 13.38646,46.50111,0 13.38583,46.50114,0 13.3855,46.50116,0 13.38515,46.5012,0 13.38489,46.50126,0 13.38465,46.50133,0 13.38419,46.50149,0 13.38321,46.50187,0 13.38308,46.50192,0 13.38297,46.50196,0 13.38292,46.50199,0 13.38285,46.50203,0 13.3823,46.50225,0 13.38196,46.50239,0 13.38168,46.50245,0 13.38151,46.50251,0 13.38144,46.50255,0 13.38132,46.50263,0 13.38114,46.50271,0 13.3805,46.50299,0 13.37933,46.50367,0 13.37929,46.50369,0 13.3791,46.50376,0 13.37885,46.50382,0 13.3786,46.50386,0 13.37837,46.50389,0 13.37793,46.50394,0 13.37614,46.50404,0 13.37577,46.50404,0 13.3754,46.504,0 13.37503,46.50399,0 13.37468,46.50399,0 13.37414,46.50402,0 13.37311,46.5041,0 13.37223,46.50421,0 13.37174,46.50429,0 13.3713,46.50438,0 13.37044,46.50454,0 13.37001,46.50462,0 13.36969,46.50469,0 13.36936,46.50478,0 13.36908,46.50489,0 13.36859,46.50511,0 13.36793,46.5053,0 13.36761,46.50537,0 13.3658,46.50588,0 13.3655,46.50597,0 13.36496,46.50623,0 13.36478,46.50635,0 13.36466,46.50645,0 13.36457,46.50653,0 13.36438,46.50672,0 13.36389,46.50726,0 13.36368,46.50747,0 13.3635,46.50762,0 13.3633,46.50775,0 13.36312,46.50785,0 13.36244,46.50811,0 13.36155,46.50836,0 13.36088,46.50857,0 13.36037,46.50871,0 13.36022,46.50876,0 13.36005,46.50882,0 13.35929,46.5092,0 13.35885,46.5094,0 13.35848,46.50953,0 13.35821,46.50961,0 13.35795,46.50968,0 13.35707,46.50982,0 13.35669,46.50985,0 13.35628,46.50989,0 13.35594,46.50996,0 13.35531,46.51013,0 13.35486,46.51027,0 13.35461,46.51034,0 13.35418,46.51042,0 13.35343,46.51057,0 13.35295,46.51065,0 13.3521,46.51082,0 13.35171,46.51088,0 13.35156,46.51089,0 13.35114,46.51093,0 13.35043,46.51102,0 13.35004,46.51105,0 13.34982,46.51108,0 13.34894,46.51123,0 13.34812,46.51134,0 13.34748,46.51143,0 13.34602,46.51162,0 13.34537,46.51167,0 13.34426,46.51171,0 13.34373,46.51173,0 13.34362,46.51173,0 13.34348,46.51174,0 13.34116,46.51179,0 13.34103,46.5118,0 13.34003,46.5119,0 13.33886,46.51207,0 13.33873,46.51209,0 13.33722,46.51226,0 13.3371,46.51227,0 13.33644,46.51228,0 13.33577,46.51227,0 13.33564,46.51226,0 13.33233,46.51208,0 13.33212,46.51198,0 13.33165,46.51192,0 13.32986,46.51164,0 13.32903,46.51142,0 13.32828,46.51117,0 13.32724,46.51085,0 13.32696,46.51077,0 13.32664,46.51065,0 13.3264,46.51054,0 13.32601,46.51033,0 13.32579,46.5102,0 13.32562,46.51006,0 13.32546,46.50985,0 13.32529,46.50957,0 13.32517,46.50947,0 13.32499,46.50933,0 13.32495,46.50931,0 13.32491,46.5093,0 13.32444,46.50925,0 13.32374,46.50916,0 13.32364,46.50918,0 13.32358,46.50919,0 13.32354,46.50921,0 13.32349,46.50924,0 13.32346,46.50926,0 13.32335,46.50936,0 13.32325,46.50938,0 13.32323,46.50937,0 13.32301,46.5092,0 13.32282,46.50908,0 13.32266,46.50905,0 13.32237,46.50904,0 13.32188,46.509,0 13.31874,46.50868,0 13.31865,46.50867,0 13.31857,46.50866,0 13.3175,46.50856,0 13.31708,46.50856,0 13.31643,46.50849,0 13.31602,46.50845,0 13.31572,46.50845,0 13.31557,46.50845,0 13.31537,46.50844,0 13.31504,46.50836,0 13.31485,46.50832,0 13.31268,46.5081,0 13.31246,46.50808,0 13.31231,46.50807,0 13.31149,46.50799,0 13.31129,46.50797,0 13.3108,46.50792,0 13.31074,46.50792,0 13.31049,46.50789,0 13.31037,46.50788,0 13.30997,46.50784,0 13.30988,46.50784,0 13.30953,46.50781,0 13.30916,46.50776,0 13.30906,46.50773,0 13.30855,46.50751,0 13.30819,46.50735,0 13.30791,46.50724,0 13.30762,46.50715,0 13.30748,46.50709,0 13.30734,46.50701,0 13.30713,46.50688,0 13.30701,46.50682,0 13.30696,46.50679,0 13.30646,46.50663,0 13.30634,46.50659,0 13.30625,46.50655,0 13.3062,46.50652,0 13.30592,46.50627,0 13.30567,46.50608,0 13.3056,46.50603,0 13.30558,46.50601,0 13.3055,46.50596,0 13.30522,46.50576,0 13.30507,46.50565,0 13.30501,46.50561,0 13.30499,46.50559,0 13.30477,46.50544,0 13.30461,46.50529,0 13.3044,46.50504,0 13.30432,46.5049,0 13.30427,46.50476,0 13.30423,46.50461,0 13.3042,46.50446,0 13.30419,46.50441,0 13.30419,46.50419,0 13.30429,46.50335,0 13.3043,46.50317,0 13.30429,46.50303,0 13.30425,46.50284,0 13.30415,46.50257,0 13.30402,46.50234,0 13.30387,46.50214,0 13.30368,46.50196,0 13.30309,46.50153,0 13.30259,46.50113,0 13.30207,46.50073,0 13.30167,46.50042,0 13.3013,46.50013,0 13.30097,46.49988,0 13.30073,46.4997,0 13.30056,46.49958,0 13.30034,46.49935,0 13.30022,46.49919,0 13.30008,46.49881,0 13.30002,46.49867,0 13.29999,46.4986,0 13.29996,46.49853,0 13.2999,46.49851,0 13.29985,46.49845,0 13.29981,46.4984,0 13.29977,46.49835,0 13.29972,46.49831,0 13.29934,46.49804,0 13.29921,46.4978,0 13.29915,46.49764,0 13.29907,46.49737,0 13.29906,46.49721,0 13.29913,46.49673,0 13.29922,46.49631,0 13.29936,46.49584,0 13.2994,46.49565,0 13.29943,46.49466,0 13.29939,46.4937,0 13.29936,46.49347,0 13.29916,46.49274,0 13.29873,46.49149,0 13.29872,46.49146,0 13.29858,46.49119,0 13.29842,46.49084,0 13.29833,46.49058,0 13.29828,46.49039,0 13.29826,46.4902,0 13.29826,46.49008,0 13.29829,46.48981,0 13.29834,46.48958,0 13.29853,46.48914,0 13.2988,46.48862,0 13.299,46.48817,0 13.29906,46.48802,0 13.29915,46.48761,0 13.29931,46.48651,0 13.29949,46.48529,0 13.29953,46.48496,0 13.29952,46.4845,0 13.29939,46.48392,0 13.29905,46.48275,0 13.29883,46.48202,0 13.29866,46.48158,0 13.29858,46.48143,0 13.29838,46.48112,0 13.29809,46.48079,0 13.29789,46.4806,0 13.29752,46.4803,0 13.2973,46.48013,0 13.29715,46.48003,0 13.29681,46.47973,0 13.29666,46.47958,0 13.29549,46.47832,0 13.29529,46.47811,0 13.29526,46.47807,0 13.29523,46.47799,0 13.2952,46.47795,0 13.29512,46.47786,0 13.29484,46.47755,0 13.29466,46.47735,0 13.29446,46.47714,0 13.29429,46.47696,0 13.29398,46.47656,0 13.29395,46.47652,0 13.29393,46.47649,0 13.29379,46.4763,0 13.29343,46.47577,0 13.2934,46.47572,0 13.29334,46.47564,0 13.29331,46.47559,0 13.29253,46.47445,0 13.29248,46.47436,0 13.29244,46.47429,0 13.29233,46.47404,0 13.29228,46.47388,0 13.29226,46.47357,0 13.29228,46.47311,0 13.29235,46.47271,0 13.29253,46.47203,0 13.29256,46.47192,0 13.2926,46.47175,0 13.29268,46.47143,0 13.29273,46.47127,0 13.29297,46.47029,0 13.29301,46.46987,0 13.29312,46.46859,0 13.2932,46.468,0 13.29339,46.46692,0 13.29346,46.46666,0 13.2936,46.46648,0 13.29376,46.46633,0 13.29391,46.46619,0 13.29413,46.46602,0 13.29483,46.4655,0 13.295,46.46536,0 13.29514,46.46523,0 13.29518,46.4652,0 13.29542,46.46496,0 13.29559,46.46471,0 13.29602,46.46388,0 13.29632,46.46328,0 13.29655,46.46282,0 13.29678,46.46232,0 13.29693,46.46214,0 13.29708,46.46198,0 13.29723,46.46184,0 13.29739,46.46172,0 13.29788,46.46137,0 13.2984,46.46111,0 13.2988,46.46096,0 13.29916,46.46086,0 13.29973,46.46072,0 13.30057,46.46064,0 13.30077,46.46064,0 13.30091,46.46064,0 13.30155,46.4606,0 13.30197,46.46055,0 13.30235,46.46047,0 13.3027,46.46037,0 13.30304,46.46024,0 13.30321,46.46016,0 13.30372,46.45989,0 13.30388,46.45978,0 13.3047,46.45911,0 13.30507,46.45884,0 13.30529,46.45871,0 13.30554,46.45859,0 13.30673,46.45798,0 13.30732,46.45767,0 13.30786,46.4574,0 13.30843,46.45712,0 13.30899,46.45688,0 13.30983,46.45661,0 13.31057,46.45638,0 13.31164,46.45605,0 13.31197,46.45593,0 13.3123,46.45578,0 13.31268,46.45559,0 13.31302,46.45538,0 13.31332,46.45516,0 13.31414,46.45463,0 13.31474,46.45425,0 13.31581,46.45355,0 13.31616,46.4533,0 13.31632,46.45316,0 13.31662,46.45287,0 13.3168,46.45266,0 13.31697,46.45243,0 13.31708,46.45223,0 13.31732,46.45181,0 13.31822,46.45009,0 13.31835,46.44968,0 13.31827,46.44967,0 13.31818,46.44969,0 13.31808,46.44978,0 13.31803,46.44988,0 13.31799,46.45001,0 13.31796,46.45017,0 13.31794,46.45024,0 13.31793,46.45027,0 13.31787,46.4503,0 13.31785,46.45032,0 13.31779,46.45048,0 13.31774,46.45058,0 13.31758,46.45078,0 13.31731,46.45105,0 13.31725,46.45109,0 13.31704,46.45117,0 13.31699,46.45118,0 13.31691,46.45118,0 13.31683,46.45115,0 13.31667,46.45102,0 13.31661,46.45097,0 13.31665,46.45085,0 13.31673,46.45066,0 13.31675,46.45046,0 13.31671,46.45015,0 13.31708,46.44957,0 13.31713,46.44947,0 13.31714,46.4494,0 13.31718,46.44934,0 13.3172,46.44932,0 13.31725,46.4493,0 13.31739,46.4492,0 13.31742,46.44915,0 13.31749,46.44903,0 13.31785,46.44829,0 13.31786,46.44826,0 13.31784,46.44823,0 13.31778,46.44819,0 13.31768,46.44817,0 13.3167,46.4481,0 13.31651,46.44808,0 13.31647,46.44805,0 13.31636,46.44791,0 13.31621,46.44765,0 13.31585,46.44719,0 13.31577,46.44716,0 13.31572,46.44715,0 13.31559,46.44719,0 13.3154,46.44727,0 13.31499,46.44684,0 13.31462,46.4464,0 13.31454,46.44628,0 13.31449,46.44614,0 13.31435,46.44562,0 13.31413,46.44501,0 13.31408,46.4449,0 13.31403,46.44481,0 13.31348,46.44408,0 13.31341,46.44396,0 13.31329,46.44367,0 13.31323,46.4436,0 13.31314,46.44353,0 13.31243,46.44307,0 13.31234,46.44297,0 13.31232,46.44293,0 13.31232,46.44288,0 13.31263,46.44307,0 13.31324,46.44346,0 13.3135,46.44365,0 13.31383,46.44394,0 13.31396,46.44407,0 13.31413,46.44426,0 13.31416,46.4443,0</coordinates>
          </LineString>
        </Placemark>
      </Folder>
    </Folder>
  </Document>
</kml>
